house,district,WSC_25,PRE_24,WSA_24,WSS_24,GOV_22,USS_22,PRE_20,GOV_18,USS_18,PRE_16,USS_16,GOV_14,PRE_12,GOV_12,USS_12
wsa,1,47.68034803694328,42.52914798206278,38.04688704950902,NA,44.624638761253166,41.876924562481,42.59071774924069,43.74572795625427,50.69189676256678,42.14800591771853,40.51889418022141,41.69280101483491,50.0329144225015,39.36741526014786,50.603004225656214
wsa,2,43.81838841876428,38.060220344421865,36.741928446771375,NA,39.630085167372044,37.39474823476474,38.258838539859326,38.3662552234882,45.489154773512404,37.920689146206996,36.16450887540488,35.19315564947698,45.1801412662173,33.82686098479893,45.55943593709588
wsa,3,42.657230818439885,38.403269754768395,35.48351435757123,NA,38.53738118882111,36.485391040778204,38.45281372691581,37.37293304975959,44.51405119349051,37.33412361798871,34.93726696691029,33.326609990504124,43.57714784487198,32.52471512005781,43.48183508212414
wsa,4,40.14302280633939,35.29892665945832,33.80724575360138,34.346106568328786,37.3285539402025,34.90358302295146,35.95093399053407,37.37647576190919,43.155465779245176,34.44154732298535,33.78287781440505,35.80118584028564,43.44994272594711,35.60578134181611,44.78784400434911
wsa,5,44.894948201807686,39.2675852066715,37.21228350045579,38.651329734618315,40.72624233716032,38.421294585725924,39.673158822686936,39.374059347274375,45.63176211377958,38.4453592672813,36.92609407837493,35.6820470124149,46.746761461421926,34.323920373040075,46.77643327063459
wsa,6,38.338259745058195,33.690741521595086,32.55978361099158,33.43454790823212,35.3746596693367,32.960719171389485,33.98614231024773,36.672760511883,42.818602778337024,33.783630806384664,33.253959254639604,35.931790499390985,46.242505820417776,34.23696888897307,46.65499507117623
wsa,7,65.83830351225977,57.43673123144352,58.65289528623229,NA,60.99688264383665,58.75855882603687,58.66288667192995,56.96558284330682,61.97801261291972,56.26020794327371,54.096577444543726,50.351515151515144,55.918733533205135,50.34764286815633,55.56622908678338
wsa,8,84.30486738560187,73.65563406470808,100,NA,82.1419550391513,80.56243805748265,79.10671462829735,83.26689445709947,85.51666511930182,84.09625333124315,80.39295282942275,79.38537185003072,85.89570833159604,79.59285157200543,82.06209187129845
wsa,9,77.30883338118481,67.25596938500512,70.40095006503422,NA,73.94861724758633,71.8744971842317,71.24879511620435,73.30662045334418,76.472531409705,73.2398946850488,70.6143327976457,66.71471034163807,72.90454433995885,66.79119151085993,70.76585669071812
wsa,10,87.58327165062917,85.36801946984149,100,100,86.51085832471561,85.73531817438247,85.83511780751559,83.05223737107755,85.19493626457894,85.98063325249922,81.51671785644241,81.15614976185633,83.45829147059501,80.69333867985426,81.82660141240582
wsa,11,89.6430524095915,88.20052814687513,100,100,89.69708419925688,89.31979070483226,88.66923569182187,88.76458653454114,90.45738151415513,90.33407310959507,87.72173355702579,88.24201806956604,90.64911704987738,88.00858113582984,88.95444619820536
wsa,12,81.25761068066612,80.28230616302187,100,100,80.10253489034463,79.15336804972283,79.23050890041148,77.59427401839248,80.32064788899956,78.54216463096803,75.08232070560658,73.33829121120088,77.37541460256017,73.04331311096375,76.01166900440828
wsa,13,63.20967281266859,60.4483668086833,57.30119991864958,NA,59.28203871641475,56.88986760031373,57.90018994155774,48.03316035302796,52.571764959179376,52.203957490991556,44.1729560118347,38.40272063023548,42.488288471919134,37.39610904655278,41.49307161723545
wsa,14,62.210771441312,55.173435134601455,54.80321031787755,NA,57.48910645619551,55.60011285586809,55.016455739151084,51.873130804344406,56.87618605011425,50.85924563017479,48.04791011553546,45.035642550510026,51.27408640144541,45.267511603020324,50.4906424043338
wsa,15,45.80208587673096,43.649104593823,40.86348274868355,NA,43.22084834167695,40.494695057627084,42.87556924372844,34.771700754598555,40.01924325689079,38.12881427325391,32.33603494590396,26.824751763261904,32.55156670639228,26.601879113675075,31.805514721795596
wsa,16,92.6818112517152,86.46880212119916,100,100,92.0312802947069,91.68722717783261,90.50269379758672,90.70202966037354,91.53070305547315,90.86070362196547,85.96514104403008,90.05243298868035,90.02205786946932,92.4151880114002,88.33808232345773
wsa,17,86.6961588260682,84.3731778425656,100,100,85.61177723253553,85.12148512148512,84.68537784765664,82.94594699468395,84.93948390043388,84.63760047322454,80.93416063426405,80.59505988023952,82.84629787146149,79.9189209974205,81.55104382256847
wsa,18,85.635551430063245,83.85934299370305,82.43896639188333,100,84.92210589590744,84.21728395061729,84.19401277176922,82.52191567565576,84.19780781773012,85.02337459695674,80.04876283821777,80.30968726354797,83.50762393835443,80.50466093361209,81.8115291798351
wsa,19,87.78221886140219,80.63200245871867,100,NA,84.4016120553706,83.27437924816202,81.2078551993375,77.88620575587166,80.167156087644,78.2507637136406,71.8607305936073,69.13387158135012,71.17259552042161,68.42896008446014,68.33546501004933
wsa,20,67.92107995846314,59.575931574854955,61.108736797118254,NA,63.335199774766814,61.398903755324874,59.36693669366937,58.9402560455192,63.58102434928632,57.519284592804965,55.8928808166512,53.56413879729942,58.816933846480204,52.94328786791098,58.440703470328224
wsa,21,59.66390280672195,52.077022284874474,48.58731316077288,NA,54.73423505290395,52.709521788911495,52.36183061030562,50.14358044283232,55.44547052005833,50.12315270935961,47.23943661971831,44.85120054108894,50.383326414074105,45.56104282355724,50.109527707631905
wsa,22,48.624648116844575,44.95493300852619,41.92705766387383,44.44118079013071,44.94114288696698,42.488066717223774,44.34183673469388,36.7722602739726,42.49477858159034,40.10820837842016,34.104501560813375,29.93776282590412,34.9617182018282,29.49501778448238,34.3215216900939
wsa,23,68.72401021591945,64.44502007511981,62.637160224192826,63.879624804585724,64.6987895956588,62.4197566575299,63.86621928372901,54.52378538790833,59.694058435872265,59.589284713818856,50.64742583848586,45.51094149378495,48.78243799248562,44.171144975708714,47.252273158805664
wsa,24,47.227631068022916,44.986915887850465,39.97232356271229,44.580818074793974,43.57625081795714,40.91441808376249,42.421316344332006,34.16523355523858,40.80219664331025,37.636381883060125,32.09348566043791,27.923685698202167,34.19648553642444,28.391294570726384,33.81459184680754
wsa,25,46.860799885295776,42.18774340281023,38.23084200567644,NA,43.45355727338564,40.96107429422251,42.13539154204856,42.166809273519945,49.99799446472263,41.854805496274665,40.65689367229542,40.77858469853065,51.04023190688489,38.55179452513195,50.989166623111984
wsa,26,56.908975112629356,51.350981599288595,51.46047219053544,NA,52.80319410157447,50.5702666054942,51.8128901044954,49.938178927845975,55.78910644978413,51.74499387004495,48.94955489614243,45.448957397512885,55.47709364900992,43.957782279264144,53.69406763058427
wsa,27,38.434097580914866,34.791377458812434,32.27084219481072,NA,35.2069395986044,33.009924926835474,35.095515512803146,33.20575773938745,39.68485702250429,34.606668778242316,32.139960544998196,30.501765789742592,38.12972615615226,29.678145944301882,37.63361432164034
wsa,28,40.532335204824285,34.44645006016847,33.80355565371025,31.842551561901633,37.31505666472462,35.04502262657985,35.878112712975096,40.37645811240721,45.006228789896475,35.67789894720954,37.54945095574371,39.731557699365595,43.919726845207855,38.53103741583832,45.54812512272361
wsa,29,42.9193512552766,35.81121472979436,35.06637832642518,35.35525436090683,39.830133236726645,36.68758938503099,38.01969022386656,42.33803273696296,50.041199664701494,38.75188725907239,41.26191068437862,43.22223708121885,50.76638770663163,39.8278359132899,50.92563869060013
wsa,30,53.5255191298395,47.74014317768992,45.73558488751136,45.20698334493654,49.826634588168695,48.09336884901164,49.44487256329024,48.84001205182284,52.0741556534508,46.34583563154992,43.48648200364903,43.031828013949585,47.17965940479266,42.29062492803818,48.02277735217884
wsa,31,43.308115651718246,38.556237831361386,36.55220871265351,NA,40.41629647296149,38.15240827373759,39.96862252902416,38.03122136584779,44.58236173858439,38.64786885793966,36.75653258170522,34.52577825652837,42.55360654691782,34.15594988529024,42.16016342081873
wsa,32,40.15326337645194,34.13864104323953,31.988448382212752,NA,36.286240521992845,34.633625036883885,35.482211455897264,37.09909821525612,43.3144940724988,35.52791747095958,34.904734844023494,34.76104594424061,43.012225996661634,35.56301584508655,43.15616052707532
wsa,33,39.67452694438509,35.038426576316006,34.316482392790945,NA,36.41532928492429,34.3179548159227,35.786792088840784,34.57870178358487,40.055583399468084,34.09695370722498,32.50474497245376,31.942936018900564,37.98531573523202,33.43925545690304,38.782524261426374
wsa,34,43.88878726906895,40.02434323967948,35.90498374587248,36.45223161059562,41.691786568880325,39.319295865832224,41.11831698829484,39.256697229745164,45.75933716561226,38.743665801507845,39.13950136465393,40.46641723273638,46.5557568577859,39.27243352400161,47.27412632879418
wsa,35,38.86778581056243,34.57987198692633,32.23353775286511,30.23802283471097,35.72169941876557,33.3561690758375,35.4988110299616,36.48635783229342,45.12041209663716,36.06652831804151,38.75246512695591,38.056973670292685,46.532410388273185,37.81980579833114,48.34890469390547
wsa,36,35.04007503410641,30.692430658776676,29.01929489554536,30.32967032967033,32.87869469266669,30.939938435106306,32.23680304019951,35.69643972517177,43.244081063277406,32.744397085109306,34.36457492011097,38.343780649012835,47.59415142576201,37.42062765978959,48.44038839676978
wsa,37,40.64822361796999,35.59284044699177,31.414091875102173,NA,36.83232890283167,35.818990364819236,36.75834054737964,40.67004285157771,45.966599407547335,36.99049713343282,38.282442748091604,39.3706355520198,46.26529840969694,40.57016930582007,45.711241690081664
wsa,38,38.78314078097752,34.507499704736034,32.65163486082411,NA,35.783282455424015,34.24786803509405,35.40034280117531,36.09254396436154,42.21221678351679,34.66831448349238,34.97139341006576,33.82197042410354,41.78137485013128,35.02023593610368,40.89245308856681
wsa,39,37.34099127845139,33.10535121965538,30.412155291021115,NA,34.312074394083616,32.44241634072142,33.93002686630241,36.66602054661756,42.73422194906465,33.616582521510345,35.24077328646749,35.858337432365964,43.5478505843653,34.6996923292755,42.426626258476816
wsa,40,59.756598963901,52.46276185389591,54.11214953271028,52.59548872180451,57.05850982782265,54.24747646591811,53.94157907602053,57.831967107427204,60.8209440777313,52.62699241546529,56.57589232842144,54.903455286608214,60.59810733462939,52.2068727090391,57.95424379218416
wsa,41,49.23585493220909,41.158887816421206,36.86736336943138,42.518691441370386,45.71075401730532,42.55622555410691,42.84462901080362,49.42998214250705,53.79609554627065,43.49110556325488,47.72948653456462,47.29188750638003,56.464257658378095,44.4624137756589,52.652949443975004
wsa,42,64.68623292262174,57.5712143928036,55.06370114446124,57.10001857601571,61.006301821922726,58.397857072293036,58.181354780244675,60.6391410866119,63.30219838761232,57.076757532281206,58.706313026661135,56.51905760453929,61.16190944498133,55.78899348613485,58.63536129202704
wsa,43,60.39767300512287,52.65179938169703,51.29808429118774,NA,57.722118951737386,54.89340561889697,54.851606050482914,57.03434648649368,60.321493225943875,53.609440080687065,53.971153949719344,52.21495851036085,57.545372267176376,53.26477799703245,56.39375760926634
wsa,44,63.78180039138943,55.498171553217425,56.45476454113203,NA,60.977986526824324,58.142986371823035,57.41295730814916,62.197818051998,64.64589954580023,56.80719180886389,60.1847564001518,59.50117436567361,63.798286179658724,59.84250975195484,62.99592162184783
wsa,45,60.57152205922451,53.68015822561277,100,NA,57.82410617014955,54.764016159227516,55.69734004313444,60.039993098105285,63.64408093745118,56.83208240369966,59.35387514170356,57.15442652694579,63.88174098150428,55.45723087018034,63.08029304456526
wsa,46,60.57018051026306,54.0940719564162,52.43895702132361,100,57.13290231952117,54.78827774647822,54.571321817606986,55.865808114005034,59.76623399248805,53.967957577384475,55.22156218287424,51.980652972960684,56.975405560318094,50.910804794478395,54.953284511175546
wsa,47,77.3910343422277,71.97457269466132,100,100,74.92232703099194,72.67721568218964,72.34228194258525,71.72026565193234,73.60321209246908,70.23007831700771,68.79201079464507,66.20259726695426,68.08590817563895,64.0578376220973,66.0206149806383
wsa,48,74.8348019749644,68.80437756497948,67.41967445152159,100,71.25016386720824,69.10716645655192,68.50303617002552,67.49723689101658,69.63051678960821,65.24932401874106,64.56971234278538,60.611093469221544,64.12870221007088,59.147295496496035,61.7580771426983
wsa,49,50.23194168323393,41.293359449042775,36.95074727173809,NA,47.178137995417124,43.81871590432228,44.14098106073394,50.602089605100055,55.347231327302126,45.27047163883605,47.58350367594975,49.34288002261058,57.219488983163004,47.80871195317375,53.43225227475169
wsa,50,64.61457047098253,57.26810260850741,56.311536446123725,NA,61.75501647199761,58.53489294210944,58.214111398238586,60.83157630468163,64.20370351188095,57.27258457939271,59.84916045604377,56.54722312670862,61.27930256615719,53.77682954847981,59.55483842880973
wsa,51,59.972370238800075,51.774760894212044,48.30731450622698,NA,57.25729403983244,53.90122735242549,54.25134947020285,58.14077851406554,62.79970948340512,54.9624805122366,57.92578392977463,55.22214342880556,62.7742241421877,51.3434213694276,59.1086977988407
wsa,52,63.56234591107845,57.43751593981127,57.249708586970605,55.97289448209099,58.844504001894926,56.44153216788759,56.38716839069331,54.470137329903764,59.20649898550724,53.471908867626574,49.90583593310179,48.123088445824656,55.37007718738855,45.71836312940888,53.956938316560496
wsa,53,58.98510770805967,52.222715454372505,49.41737627248863,51.27638843780448,54.34731172517441,51.94821397233487,52.21221739975383,50.886540040304226,56.29767786158341,48.903959196852874,46.016978580384816,46.769954380680446,54.776962666889574,44.78783554043278,53.28942106365119
wsa,54,60.50096625464385,53.51484043740237,52.65671417290264,52.50410665851702,56.5816229273696,54.091636805210165,54.42341549295775,55.932881673857416,60.088671640573956,52.14386402108842,49.69814305680012,50.602172119805644,57.674859237462464,51.522944926844026,56.229698801704686
wsa,55,46.574779531661484,41.58901678281523,39.56751844328023,NA,42.93024760771098,40.241793225631206,41.57790606282353,41.026689845587484,46.562300962086425,39.18567438993133,36.66961058450726,38.01738871962547,44.55074073763259,36.995911200438876,43.80362519293025
wsa,56,40.73193181446631,36.22602887308769,35.24864585318054,NA,37.31045975005849,35.21905605896939,36.43180982506158,36.323286473700115,42.26008747644181,34.83030338551906,33.15283130622652,33.2903275472731,42.236915338568146,32.062212691357644,41.668617216600865
wsa,57,37.00629650829994,32.634470387084114,31.309983796584817,NA,33.791404911479155,31.758882800070708,33.34022201228153,35.98970749612139,41.917828759934025,33.59504703929164,33.692991830121684,36.59669859384553,44.3491904883838,36.092691705708276,44.60825113268645
wsa,58,33.696319699092065,31.501495199622266,28.661015598012384,29.20615318532041,30.808238056767813,29.057925718469203,30.408657489101454,27.174755486495016,33.057217362996575,28.755510865163377,26.4776807171495,23.993926114899818,30.315966449810105,24.792979186547715,30.570997033753077
wsa,59,28.62764535350772,25.78894218631659,24.219315479267912,23.74186214735972,25.39454411862384,24.118041177510705,25.599020731326178,24.41359032995753,30.349777532395827,25.23360002395169,24.165110348713252,22.430376353094942,28.552210843451636,22.862990556274084,29.029920533161462
wsa,60,47.84357655685116,42.733159304336034,39.855929844098,39.15050466774604,43.72356660126444,41.968956720999614,43.573180420739924,43.013963291472734,48.60371760188498,42.09851308564787,40.20299396504428,40.57044160209131,48.33850216348986,41.27756230722258,47.21767264838396
wsa,61,56.73815086782377,51.127819548872175,48.37821207770518,NA,52.910274099209744,50.40382597283888,50.94361602982293,46.36107340503289,51.92539731788879,47.389016327081364,43.338943552563435,40.88418666162857,46.02708533077661,41.47631726457399,45.89412384226993
wsa,62,64.6131683264817,61.21338912133891,100,NA,61.92541434142535,60.63676332184783,62.63189629182997,61.328867565854985,65.64449754413913,62.24819379515512,59.287446683950826,58.90910860256909,65.62459715626396,59.795534890099724,65.62682155313617
wsa,63,48.003228722796756,42.73223167014279,0,NA,43.9753626200756,41.73089872442113,43.10879138802805,39.098214873855476,45.27002773698809,41.499664397353534,38.24037512339585,35.35758100598975,41.60013349167683,36.689348938219894,41.8723786853288
wsa,64,59.72222222222222,53.21979412468794,55.705832628909555,100,56.37090045390472,54.888144551369464,55.151926979025376,59.300838198875404,63.11562627403799,56.89308236654181,55.256112499903274,55.61803645981359,62.42805542879629,57.38251348388026,62.31907607251513
wsa,65,59.399616776665965,53.56297389096648,53.36332400552584,100,56.26720622395849,54.621947656262485,54.74183813574315,59.22890394132331,62.85003754086597,56.050646016227915,55.11121793633835,55.887614394730555,61.81622555775055,57.40916048324316,61.912503015832584
wsa,66,59.30217687198708,54.76420596567239,54.012673402979964,100,56.247198615303404,54.4572514543021,55.84004312232591,56.05045492142266,60.61542213731149,56.23425692695214,53.68624420401855,53.938906752411576,59.47442139665176,55.08025714632273,59.95216306156406
wsa,67,39.69393457421656,34.72982623184956,32.34810683886117,NA,38.18792893635894,35.418805967490655,36.70219319862001,41.78511705685619,46.540127914173716,36.74991891015245,40.384684265195745,41.90898483080513,48.975552160022225,40.68269358480542,49.58334836405613
wsa,68,36.06548586258686,30.980043359831004,27.143263217737353,NA,33.54133137322313,31.095558763010622,32.24219960519268,35.8536255789246,43.56771237397434,32.710875975858265,36.556985453237715,37.40540205973489,46.22244274695694,35.12804381116633,47.763762961633205
wsa,69,34.716878894608506,28.981961586211934,25.154220468217176,NA,31.609932108436595,28.68162363012088,29.669323772836492,33.19475692066908,42.346001353834254,31.327747423400215,35.63039769737401,32.48452518745911,43.44888735984889,29.902133875266934,45.55466254637319
wsa,70,45.05336617405583,36.90524880708929,33.22747670003452,35.84234391349843,41.680395387149915,38.2554883006595,38.535516034366935,44.49765440436608,50.166039000724936,39.341116348389114,43.43921551666318,45.849520788254296,53.20740346164406,43.32259327382795,49.98654745836968
wsa,71,60.98249801113763,53.42934751853319,53.16004222900676,50.82744329955434,56.783079550823125,54.150868450510956,54.03041477463201,54.78988038530751,59.782420998100505,53.63459734691143,53.5362461135657,52.25450296167949,57.855673265506965,52.45686838550158,58.284929171445356
wsa,72,42.710307932094864,38.31434287205358,36.06686046511628,36.10117749672918,40.63542017908659,38.00782981237997,39.07609841298522,42.529172526511836,48.1076219740688,39.150278125693596,42.61805514849783,45.262284884926395,51.046801275663626,44.99765329701797,52.302923111677266
wsa,73,64.36563134476651,57.885412287550295,58.40533575867819,NA,62.41120214400333,60.1171048344022,59.43798331608111,63.88408983822836,66.58970214731009,58.02499387405048,59.57549611734254,64.78685612788632,67.60900504593091,66.08622553140387,67.60762870977305
wsa,74,43.272660415517564,38.908501346722105,37.52236494245199,NA,42.140728701070024,39.92032672737012,41.223565788747166,44.89110412829125,49.53895639742673,40.33539276257723,42.29713837710702,46.5279183706523,51.813601226801865,46.20270218253204,52.546787574763655
wsa,75,39.18401531466858,34.224013667182746,33.29182458040065,NA,37.37993499141741,35.31398189395028,35.77986883376105,39.19759277833501,44.09482928366085,35.20129825288309,37.3412739158709,40.72015799384559,45.52081591707072,39.05408982617136,47.39254816806259
wsa,76,93.51142138677108,90.33502485501242,100,100,92.51629696259197,91.51491201880287,90.69941291579185,90.71877472116448,91.17526713595858,90.23386887092727,89.08152915684428,88.67117032284142,88.40247119634009,87.71280378265679,87.16281398427081
wsa,77,92.14744191284112,83.01648019787741,100,100,88.58807853605882,87.99839152977668,87.48105697546067,83.46207608952157,84.49868644662753,83.98920534673935,76.46063901669224,75.14817617581522,77.62463866395257,81.75595332601819,75.02003964353852
wsa,78,86.16064667155821,81.37779263468717,100,100,83.94366011482067,82.26378872937923,81.12183195522523,80.95440814436763,82.02811867950312,79.60226591407364,79.02526848202737,77.07265500298543,77.63849381934268,75.44206848825877,75.89321258853174
wsa,79,89.61005888906574,86.57908225201652,100,NA,88.15675189646403,86.69460308763801,86.30571962220166,84.70198283848437,85.44285503521012,84.73765369893374,82.28090485787504,80.13774456782295,79.6059306745813,78.32043862025783,78.11375937004156
wsa,80,79.65470724313066,74.65794170136823,73.48610410511398,NA,77.09183227313268,74.684524253371393,74.45332875924457,71.2534555734248,73.39685234204214,71.0844209365983,66.86802137863785,61.763413888259514,63.470632318978645,59.704255164380484,60.791374574863525
wsa,81,74.93752603948582,69.73130783314365,100,NA,72.14326331287737,69.51457885460064,69.67778777206605,68.60627691120855,71.18053888413657,67.71486765953084,66.51419820987473,62.02711388533747,64.03148705502161,60.28887806829637,62.17063520370548
wsa,82,49.59923746804731,45.89971035481535,42.75707395004455,44.20414692672122,46.59767384216895,44.13472784379392,45.954843318115465,41.121061713546425,46.07757942530099,43.29992101730527,38.32837030595515,32.913068972774276,41.30211231922066,33.523940278235415,39.672322885652164
wsa,83,43.96259659478462,41.18927847435994,38.99296822871221,38.854852708429064,41.116099140570014,38.76411261158664,40.969760953170955,34.913887292625816,40.442995960039575,37.652277697264765,32.91026847640989,29.088910424389585,34.4517956979751,29.542336324026113,34.484375076435796
wsa,84,33.583205916908334,30.693749386713765,28.040150564617317,28.92613593785127,30.961873835306246,28.973909230512294,30.473568843350158,27.62019291992681,32.68900183878851,28.773026373492655,26.37259463058713,25.255301766663983,29.842915723711272,26.840915211716883,30.562159305273166
wsa,85,54.463052696054845,49.69487388120423,46.76562712787689,NA,50.625012518471,48.24373698161188,49.76534916873519,46.83762121299177,53.558456524931074,48.14129650294183,48.43999567914717,44.75804921675224,52.66556410423738,44.34540838216839,52.48751867549828
wsa,86,40.89236685263015,35.905583295506126,33.041556652508326,NA,37.84040711714247,35.29935877200184,36.48329534657439,37.07336224006949,45.15139683117212,36.49279229051699,38.50180231158894,35.34312660560546,44.212360945249934,34.02039262851409,46.341778486810156
wsa,87,41.15455508059141,36.77027431964913,33.94269594557221,NA,38.08072059587736,35.99532260283395,37.39054217398105,37.70564211671335,44.752583234724916,38.27038231492146,39.76126560808924,37.95385042904843,46.814452174589874,37.789014071037805,47.88121178789259
wsa,88,55.64845450240238,50.176338570054504,49.67451769440171,50.351294940764916,51.82240109586031,49.127415675231454,49.641746110074045,47.50640666182556,53.10933526662033,46.56693709998551,42.631096755390715,41.796443884360244,48.53670961836211,40.34649229884247,48.75140668356166
wsa,89,56.58914728682171,51.02360107852601,51.39943074003796,52.1505376344086,53.0901595985981,50.44025255600412,50.42239910185704,50.30608359506796,56.22214747630555,47.8889795199381,45.56563803035331,45.29446547650175,54.15374601705897,43.838843123307605,54.09143750390645
wsa,90,61.49522203485104,55.097967330644835,52.58576981578502,56.09454275460958,57.213416043447374,55.037056634444646,55.96146628299762,56.15555800744435,60.93129047637876,54.00578563397267,51.59202578477483,49.94067802009292,58.50118292530354,49.01311017775959,58.03294072630312
wsa,91,59.86913453128258,52.29989868287741,51.60538430161412,NA,56.03319063513018,52.69772396594158,53.03132471035371,54.19976019303614,59.53121691021806,51.27929124759532,51.234020257566634,50.33722131929916,56.0226914336046,48.52213077957836,55.339032027273504
wsa,92,54.80565797103358,46.462849958602924,46.708650562396215,NA,50.060423211900975,47.088173376143914,47.52478877405427,50.889996333432606,56.284209584753654,47.838840325193935,48.467602109074335,48.53827017584921,54.4167751094727,47.88033448459859,53.41920193158213
wsa,93,61.895954494836744,54.20882062843455,52.7813491043113,NA,57.31795473680719,54.530077528610555,54.250195727555614,55.76594023962564,60.50286379331048,53.813898740983724,52.472626928570634,51.05688602821664,57.246514533004955,50.011752437393774,55.94690091617852
wsa,94,56.16567415151832,48.91399496662655,50.29600327376893,49.516636998493766,51.97834266912948,48.48970190335788,50.01316597910998,49.86583171965355,56.359811739267585,48.4493479720063,48.57288827038655,47.461497583563336,53.30984410318249,45.95561066269124,51.36929536055484
wsa,95,60.82113279803163,51.10649640466154,52.006192341716165,52.24856909239575,56.5565669586035,53.82928946745976,54.30836707152496,57.612342539086114,62.37214082085121,53.965676176264296,53.121463058906336,52.79444445646314,59.55864908907298,51.36608676736023,56.5051341260127
wsa,96,61.242184243434764,54.221635883905016,51.00067530235128,55.59792134313213,58.08259861660359,54.51404572038731,55.55520424939927,57.144507678082924,63.08778655066419,54.29541577537247,55.5807765219042,55.09044353657021,60.486119772487946,52.43981373100367,58.681013980001616
wsa,97,34.509170026839264,32.914477732027066,28.974284749360734,NA,33.02624836990047,30.88789132194539,32.893850397809665,28.3100362453766,32.66573419346297,30.178361108316366,26.26243819185689,24.098304398707025,28.488190962712828,24.35786567545718,28.15391077813293
wsa,98,34.26991867607244,32.12445261655336,28.868981515757262,NA,31.497198672821693,29.482775760046266,31.459887675580546,26.470063406394505,32.05604404369721,28.76446782656787,25.473012542392485,22.932283154646797,28.564887607245016,23.1622866178568,28.686998824033843
wsa,99,35.75927452596868,33.81879391100703,0,NA,33.59391379878396,31.502028155571466,33.46498839727871,27.590159520244274,32.943873530407735,29.66677434912427,25.816709500381503,23.216088243867144,28.55672827568212,23.924024614668795,28.003339967519942
wss,1,44.82778154658181,39.713227429036166,36.788747013609886,NA,41.0669682935237,38.71158418450521,39.84656895268061,40.02358987889557,47.0876727126821,39.241777738672226,37.3187627217551,36.98205637024577,46.4053809945703,35.38385000239569,46.71097751330388
wss,2,41.13946593569152,36.12993690114513,34.56021212063407,35.50930186226983,37.827508736215236,35.44221802573871,36.57243420306834,37.7887375639329,43.84177580611575,35.50243972422707,34.62695881897712,35.8081036412351,45.42042605457061,34.75061139476816,46.03484851828845
wss,3,72.7999096530111,64.07530270359926,70.48041019777392,NA,68.94925116945436,66.9191351616116,67.14314341059382,67.72363717713777,71.58950217899189,68.03668375497615,65.11347611562618,61.155388258394694,68.16742152022988,61.111519126615796,66.15101075078552
wss,4,86.19930642676839,84.60831350030851,100,100,85.4363033553785,84.72231709816245,84.58981811256957,83.05419873124758,85.24849157144565,84.99797214402747,81.38299039523324,80.98180579116085,83.89731386482939,80.64186225693791,82.31371271975901
wss,5,56.74875253537075,52.99497914128549,50.711995473406255,NA,53.04405015525968,50.66686680606994,51.737014008745476,44.487897066350605,49.42689878945285,46.941038524690704,41.20835108155566,36.43776004207055,41.81752419964976,36.03742975997547,40.94278826559592
wss,6,87.9282485529034,84.82256020278834,93.65004299226139,100,87.11187474797062,86.59429654518824,86.16240575003462,85.00498512180219,86.56476783005144,86.61164787547837,82.10855525515282,83.19752478978705,85.31166197715802,83.61867516669415,83.73234233661981
wss,7,72.83162408096882,64.4857170712684,69.03200885306829,NA,68.06302843966179,66.40644209491026,64.47852453265173,62.94802867383512,67.01459684893419,62.34745236836662,58.753939716784295,55.79277088571075,60.47652646445245,55.41831004546286,59.259115061277036
wss,8,54.78805878560659,51.24728669226916,47.92187816915692,50.74901180795085,51.03621164063019,48.56294693221566,50.27795979142079,42.01690037520252,47.84355013810283,45.98084531436219,39.135486737718885,34.64541055477469,39.49078529810514,34.18596006598792,38.64655594770143
wss,9,46.50209874075554,42.04232570291617,39.84428273370312,NA,42.82633110419113,40.53417721518988,42.30299011583332,40.93228261384802,47.67569581305064,42.02123731810438,39.849602332601606,38.08642826662408,47.62704294127336,36.685488960158935,46.853568064930876
wss,10,45.95985942562188,39.50268016676593,38.37241921005386,37.59760322067222,42.58272842392273,40.218521478811056,41.28732475647493,44.094445027844124,49.21447764178635,40.43013703859451,40.8676652815252,42.10758016010491,47.30996466838633,40.26996807567411,48.173463818214145
wss,11,40.98583692738874,35.8363254266678,34.217706180913595,NA,37.62434535746987,35.62455703426865,37.00190879330636,36.48834387772793,42.54940216344431,36.00965981274152,34.644360641439306,33.6397552590426,41.073630401869025,34.30844541213695,41.26670692836244
wss,12,39.49836596965752,35.26044647967945,32.511729633091626,32.45104290008197,37.001262341643745,34.76202704060557,36.46688795788283,37.254197866032754,44.787797865478844,35.9574012462017,37.519042735194454,39.00415953453536,46.87374720520198,38.213633359749274,48.00001843251575
wss,13,38.856957469265176,34.36762600084706,31.488646094483475,NA,35.592652707124444,34.097916386378664,35.3176880615237,37.71753656599682,43.56183114698542,35.03260163891608,36.107002601447334,36.269907965872754,43.79448701292363,36.67911192497007,42.92980840219096
wss,14,58.62057983904303,50.83688052543385,49.09756504499907,51.1370722581651,55.1069764450755,52.24645905530214,51.99619675712855,56.28273539517723,59.56042094137468,51.26938094403039,54.549253482479664,53.091061557495756,59.47183974568313,51.070309879586986,56.49951888191168
wss,15,61.568329261781884,53.92166370346425,64.82961716449306,NA,58.844186248157456,55.94596536609902,55.97627256742276,59.65787291526647,62.7674829895301,55.65115139262294,57.64885056191137,56.12478944468191,61.61282055181552,56.206331695675345,60.68003942958673
wss,16,71.12998281712481,64.9919311457773,71.43453748172897,100,67.87740231074797,65.62972956258803,65.17252319823956,65.07579402474634,67.72000724578588,63.130634376304975,62.878969972413486,59.5546853678666,62.98684390302972,57.91641482836864,60.84747130818048
wss,17,58.98056305643933,50.52471143298158,47.671857794557184,NA,55.99089458252403,52.67337670308089,52.62389628949114,56.935033362644184,61.14681355672864,52.72341598456431,55.3619893757684,53.95477063449859,60.51363525815506,51.21679995130219,57.51374497297883
wss,18,61.072276466713674,54.43135245901639,53.115031279941384,53.296497152017466,56.61026772946147,54.18020282358522,54.34519656261324,53.72862174833079,58.50503758183697,51.445874604282196,48.47795190566909,48.456066191465695,55.952233538838094,47.19055379341945,54.50466816921682
wss,19,41.589827169615525,36.92201083532821,35.579755842737875,NA,38.14488260962104,35.857687589751016,37.236581934613696,37.88732076804658,43.68502729672748,35.86780237542555,34.515822844327815,36.04487304858906,43.74337873356491,35.14417546258352,43.382864967038905
wss,20,35.46068260633499,32.48095198127372,30.087670033221325,29.94113500847732,32.19286272066203,30.629070607120457,32.296837865673275,30.523899886200507,36.344969064318256,31.218981670718136,29.448013946362643,27.90621314178133,34.85793373772631,28.593157384905705,34.76685080975928
wss,21,55.332393916716136,50.628901899477874,44.26896654719235,NA,51.676036613818276,49.60212880553898,51.168363062933906,47.718230751228646,53.21515847831637,49.347035910065,45.81661431224635,43.79173301574982,50.21373551144974,44.88194859533772,50.251006188600854
wss,22,59.46844380672536,53.857205887344016,54.35922533734182,100,56.293939197228816,54.65117381487167,55.248081782941306,58.13937831478695,62.1551894641603,56.38597008103478,54.67058302555051,55.08119197519875,61.19039818824932,56.51352206412906,61.35039642742193
wss,23,36.95534096358354,31.71534051066287,28.45860994871472,NA,34.59171849252537,31.904072828902486,33.0755191569111,37.09183738482596,44.22220788829963,33.709981481416776,37.62232327175508,37.38583671495475,46.36623139897895,35.35894994801729,47.75226670372803
wss,24,50.09726915032107,43.28395833543404,41.31806496845057,41.30364010010784,46.77754404417565,43.89197342244529,44.11736636162158,47.655980714351294,53.056511101294525,44.444196664320316,46.86697509166942,47.954872155757684,54.17662581903775,47.172599727887956,53.84574124847968
wss,25,48.387652814977855,43.09618824824549,42.48221137726782,NA,46.87721386435527,44.65693606527684,45.13530123489984,49.2686987704918,53.38020892400358,44.38266000907853,46.30422053060673,50.65516741556747,55.04882833552504,50.748376932062044,55.94782800928485
wss,26,90.70702628601663,85.06464393225426,100,100,88.47134835319369,87.37019822649994,86.47074277218836,85.25723472490765,86.1026843763931,84.74975588990469,81.638510257695,80.72406149018275,81.40405154241195,81.77364274093956,79.59898842288135
wss,27,81.30604548202957,76.68937010509404,89.46263042834913,NA,79.04660123733981,76.87699134072207,76.73802812247233,75.01179038832998,76.82275128554733,74.90204597993605,72.28665905194049,68.57468465328942,69.60239257746909,66.83156280307779,67.63996782308914
wss,28,41.76583608092969,38.80296842752382,36.17384276927221,36.85336532006123,39.007596430932026,36.75237861917584,38.71025751690404,34.18166016558292,39.393489276658734,36.20307022632162,32.2444967093605,28.83578186792893,34.97950533109921,29.73825920330898,34.71045881616773
wss,29,44.8525534128647,40.22749450484461,37.38219060712933,NA,41.55762535037772,39.224873823914265,40.72497851944969,40.21816197913229,47.535671818800054,40.57611778063485,41.911926905158644,39.036899582575955,47.70110607992174,38.40631263099115,48.758758280789074
wss,30,57.53480776164429,51.82173027818086,51.05201434878587,52.541467848216314,53.70658731327256,51.16679409198248,51.643818706433464,50.841744100439456,56.33260265194614,49.08625818115828,46.10609862321429,45.20167802712548,53.312741828281105,43.873669225030916,53.22086597163531
wss,31,59.02202030443774,51.10530879473115,50.46819438956934,NA,54.65854312977374,51.62066260976663,51.71013778130805,53.74473417242315,58.882717840348384,51.10294382527112,50.811818104448946,50.05305037704011,55.95825127939189,48.837064572612555,54.959627625934814
wss,32,59.32503679149581,51.31737235490169,51.06011795608861,52.33948866453776,55.46024244914732,52.18301814951136,53.18344211971041,54.80890382192356,60.557102368496615,52.1881390593047,52.366419382101604,51.739894551845346,57.76769490470812,49.84599289732791,55.506604080973545
wss,33,34.84010398378354,32.94992093624331,20.77786638856512,NA,32.7098800462605,30.62737011847544,32.613084432067794,27.480722768365233,32.559449099648475,29.551137438521252,25.860465046521806,23.43667705068793,28.53538328123574,23.83096097013746,28.278582005678516
