house,district,WSCTOT25,WSCLIB25,WSCCON25,PRETOT24,PREDEM24,PREREP24,WSATOT24,WSADEM24,WSAREP24,WSSTOT24,WSSDEM24,WSSREP24,GOVDEM22,GOVREP22,GOVTOT22,USSDEM22,USSREP22,USSTOT22,PREDEM20,PREREP20,PRETOT20,GOVDEM18,GOVREP18,GOVTOT18,USSDEM18,USSREP18,USSTOT18,PREDEM16,PREREP16,PRETOT16,USSDEM16,USSREP16,USSTOT16,GOVDEM14,GOVREP14,GOVTOT14,PREDEM12,PREREP12,PRETOT12,GOVDEM12,GOVREP12,GOVTOT12,USSDEM12,USSREP12,USSTOT12
wsa,1,28055,13371.000000000004,14671.999999999998,39529,16597,22428,38929,14801,24101,NA,NA,NA,14154.956214689266,17565.090395480227,32078.011299435027,13427.004237288136,18636.00988700565,32115.005649717514,15986,21548,38112,13440,17283,31211,15752,15322,31099,13390,18379,33537,13103,19235,33457,11832,16547,28650,16721,16699,33807,11289,17387,28830,16406,16015,33372
wsa,10,21637,18932,2684,31061,25957,4449,25222,24882,NA,25855,25487,NA,20914,3261,24357,20964,3488,24496,27004.80637813212,4456.449886104783,31921.64692482916,23329.74474959612,4760.702284791138,28460.732056312023,24245.25294253404,4213.308100623125,28492.56104315717,26000.156220767072,4239.393358278765,31650.519410664172,24996.66230121609,5667.798877455566,31168.752338634236,22960.30325409647,5331.210477729056,28537.79875375029,30820.65562751541,6108.755560316657,37250.51590559207,24617.505255849537,5889.976103321806,30662.433574347844,29191.183838528825,6483.258622310223,36150.62023154768
wsa,11,12818,11477,1326,24234,21042,2815,20646,20392,NA,20975,20711,NA,14243,1636,16051,14510,1735,16273,21322.136075949365,2724.6890822784812,24325.2832278481,18481.79630322812,2339.3408470432496,21174.244972045613,19170.218899464813,2022.3234653227175,21221.443233873557,22214.9361425081,2377.0426953734855,25261.64043060228,21293.55503985531,2980.423798026275,24736.809634241938,19949.05540107793,2658.1512760755686,22792.917975271845,28478.706482173355,2937.7125729661116,31561.98861027752,21943.00705095077,2989.796964017476,25051.53407331253,26618.00110219508,3305.1812004474737,30332.19495288359
wsa,12,14988.845519310087,12169.014248218975,2806.8312710911136,25554,20191,4959,22856,18391,NA,21446,21017,NA,14062,3493,17723,14136,3723,17890,20294.455576616903,5319.989992735619,26026.15614045421,16889.304813804105,4876.86933688228,22130.108823603103,17744.370896984,4347.54614221385,22134.195361051618,19580.224644533377,5349.346289157416,25989.885645835573,18824.25900541742,6247.234294884587,25596.827517105936,16221.569534469842,5897.25716106181,22325.9057437756,23242.006831881896,6795.967053317648,30228.082224824127,17807.070156120644,6571.71196328984,24513.183147720796,21871.531099680833,6902.381361591919,29278.980333934964
wsa,13,31533,19918,11593,40236,23836,15596,39384,22540,16796,NA,NA,NA,19997.394008557356,13735.241443165442,33976.593173245674,19260.83080156744,14595.515880211842,33947.338127988834,22545.24121260227,16392.871486783653,39678.68984518083,16278.583018247302,17611.718803671265,34366.06094160828,17996.742636054616,16235.972681813484,34293.69644980444,17355.43379706714,15890.003198896313,35928.716347798116,15649.932960598157,19778.83245053998,36037.37569801406,12011.456908791806,19266.162779785333,31526.15092578849,15816.18631553402,21408.627590507574,37582.70623930032,12481.810976745524,20895.487611210418,33531.33017523158,15139.034816651709,21346.658400534063,37095.25813139267
wsa,14,20198,12556,7627.000000000001,31073,16765,13621,29693,15637,12896,NA,NA,NA,13184.212320461163,9749.197386483973,23250.589510953225,12863.48392133317,10272.231566653552,23200.23978340431,16215,13258,30103,13182,12230,26100,14686,11135,25898,13821,13354,29577,13599,14704,29239,11435,13956,25757,16257.149667758362,15449.216664104892,32167.43468377926,11920.619940409322,14413.100465847683,26533.737494236007,15471.954864797748,15171.257675254496,31466.32532071365
wsa,15,28683,13131,15538,39364,16818,21712,38215,15598,22573,NA,NA,NA,13743.62583424163,18054.97683452862,32052.60313520685,12930.943617439225,19001.494937876458,31997.91745359885,16288,21701,38559,11016.1938380599,20665.29886719125,32080.446705651226,12761.933326423388,19127.558547528904,31929.48289834749,12177.602373769429,19760.45446297729,34195.410327546626,10883.222208935857,22773.415740468776,34242.42800163029,7806.828289407301,21296.249190322505,29296.06188993695,11410.395269698409,23642.895321865355,35321.06505088326,8131.254357015502,22435.211727087237,30677.308172701163,10883.042801433372,23334.42827749078,34916.70696953163
wsa,16,13136,12157.999999999998,959.9999999999998,23842,20219,3164,20350,20079,NA,21093,20825,NA,14240,1233,15627,14493,1314,15833,20326,2133,22842,17920,1837,20197,18513,1713,20277,20997,2112,24214,19778,3229,23498,18377,2030,20611,27752,3076,31145,20104,1650,21908,25732,3397,29692
wsa,17,18551,16070.000000000004,2466,29665,24599,4556,24854,24469,NA,26051,25686,NA,18493,3108,21830,18708,3270,22013,25315,4578,30321,21376,4395,26192,22317,3957,26302,24324,4415,29931,23479,5531,29484,21535,5185,26965,28882.351062263107,5980.221924492372,35082.360123563754,23280.9616637603,5849.764043249341,29284.651527630907,27306.748531825702,6177.493057083087,34032.82821380498
wsa,18,17254,14761,2476,26936,22107,4255,25308,20801,4431,23089,22679,NA,16953,3010,20152,17054,3196,20293,22809,4282,27567,19771.81677755221,4187.6570369716555,24412.432658960464,20538.741325685973,3854.698192535057,24434.432658960464,22193.963863701672,3909.403556033824,27494.223450502283,21241.984430734992,5294.321287900558,27075.250873213372,19564.142592429136,4796.732488837891,24591.861362745894,27432.48541009197,5417.791147103227,33147.13923665167,21608.142421326047,5232.716444156451,26969.82977908164,26032.93926711972,5787.684950641897,32319.366989054608
wsa,19,27786,24378.000000000004,3393.0000000000005,36680,28859,6932,30848,30112,NA,NA,NA,NA,24084,4451,28760,24013,4823,28884,27458,6354,34592,23545,6685,31064,24843,6146,31058,23566,6550,32970,22662,8874,32493,16355,7302,24062,24309,9846,34912,16852,7775,24798,22440,10398,33831
wsa,2,25476.43763808603,11159.51680908647,14308.14006235531,37971,14233,23163,36693,13474,23198,NA,NA,NA,11452.905054736677,17446.616625236904,29233.10072849321,10883.759893169496,18221.289363590044,29133.456597639917,13271.08493150685,21416.546575342465,35267.3095890411,10183.737956144369,16359.738588081354,27031.29656478726,12213.660531827458,14635.949210623232,26866.609742450688,10871.612532975458,17797.73071408124,30593.35099140832,10573.478254137472,18663.68985055201,30319.478356014224,8625.325864118106,15883.206277830614,24745.598554328888,13598.409507342569,16499.790998972698,30459.358646346045,8697.678641320797,17014.6647098088,25851.273635263016,13218.647527991196,15795.424433396218,30004.35037144455
wsa,20,24092,16352,7723,34013,19921,13517,32811,20018,12740,NA,NA,NA,16831.17410632247,9743.580794866186,26880.347926784805,16445.284567928244,10339.04473127689,26853.15025158609,19787,13543,33967,16574,11546,28844,18174,10410,28658,16852,12446,31531,16864,13308,31204,13646,11830,25882,19409,13590,33509,14750,13110,28044,18642,13257,32798
wsa,21,22575,13456,9096.999999999998,34227,17363,15978,33009,15993,16923,NA,NA,NA,13985.825893677533,11566.419205133816,25814.6520732152,13556.715432071758,12162.95526872311,25782.849748413915,17082,15541,33243,13271,13195,26967,14830,11917,26804,13838,13770,29501,13416,14984,29103,10610,13046,23930,15502.52904040404,15266.636363636364,31118.222643097644,11622.63468013468,13887.393097643098,25636.092171717173,14893.478956228955,14828.371632996634,30458.015151515152
wsa,22,31598.279292676736,15356.100365511065,16224.797307229925,41726,18454,22596,40628,17014,23566,40912,18156,22698,15416.2213504993,18886.914618412684,34597.435217167375,14639.972942700564,19816.697068048183,34544.71162679743,17382,21818,39883,12026,20678,33199,14039,18998,33075,12973,19372,34917,11690,22587,35008,8899,20826,29972,12330.122294036277,22937.372921320493,35659.50238692063,9155.076245047308,21884.322720373504,31161.40085267446,11761.121916585544,22506.361975249343,35146.496347708955
wsa,23,29845.20724121637,20500.383411857227,9329.632833481803,39340,24879,13726,38046,23804,14199,38433,24517,13863,21459.643265864714,11708.895743873776,33363.168029220426,20764.612807674763,12501.477801427056,33343.04899305315,25131.19362186788,14218.550113895217,39950.35307517084,18416.255250403876,15360.297715208862,34185.26794368798,20314.74705746596,13716.691899376874,34072.43895684283,20112.843779232928,13639.606641721237,36252.48058933583,18115.33769878391,17652.201122544433,36222.247661365764,14102.696745903531,16884.789522270945,31190.20124624971,18052.10176043096,18953.22741809776,37334.22446076872,14341.864909177835,18126.989853507028,32576.885525922775,17127.7224882914,19119.681802140236,36769.20949813742
wsa,24,29256.48615232628,13809.153774099746,15430.410992996322,40800,18051,22074,39806,15887,23858,39972,17798,22125,14258.024237037458,18461.688839246595,32994.787683027724,13461.118816855593,19439.553971150755,32941.67278800635,16306.16713483146,22132.44943820225,39118.870786516854,10918.315864720467,21039.071012403205,32396.585262743003,13129.667567496566,19049.157710649943,32216.664955270386,12149.405415891384,20131.607816572785,34566.75757576403,10906.252994129112,23076.50945654916,34681.987150638066,8173.918155660422,21098.428783077292,29532.025355164067,11891.99192020125,22883.487880301873,35120.12243567349,8750.779987395392,22071.273461404093,30909.98197583355,11457.778122826448,22426.345555893,34690.908638298686
wsa,25,23076.856743535987,10807.5034940601,12255.490566037735,32596,13541,18556,31736,12123,19587,NA,NA,NA,10783.523197060174,14032.680293982545,25205.599908130454,10265.60404225999,14796.24850711989,25125.18236104731,13102,17993,31710,10349,14194,25061,12465,12466,24959,11179,15530,28980,10955,15990,28255,9658,14026,24004,15310.89182093387,14686.800683414958,30434.68862231975,9640.93384190768,15366.809534662623,25223.743418837326,14615.893907703176,14048.81052988258,29807.695636482884
wsa,26,20089.14325646401,11420.496505939902,8647.509433962263,29734,15014,14224,28993,14887,14042,NA,NA,NA,11774.476802939826,10524.319706017455,22610.400091869546,11379.39595774001,11122.75149288011,22566.81763895269,14776,13742,29133,11309,11337,23133,12793,10138,22970,12662,11808,26478,12372,12903,26284,9612,11537,21418,15657.722291704982,12566.03865505186,28544.726536731618,10021.110121914244,12776.013850924175,22941.108416296905,14547.789346930316,12546.059170971612,28013.76748996505
wsa,27,26925,10343,16568,38738,13283,24896,37657,12139,25477,NA,NA,NA,10999,20242,31573,10377,21059,31482,12952,23953,37538,10067.052367238066,20250.136736677177,30751.189685773443,12115.068659267688,18413.121608363956,30562.19026763164,10898.12223170653,20593.271237977347,33750.41442369071,10495.112918814604,22159.29219198418,33630.41908013667,8826.04596679786,20110.134409244372,29225.18037604223,13005.739333128888,21103.446974337952,34462.237660500636,8998.279284606655,21321.26729857301,30471.56922697233,12403.69208541471,20555.38534840555,34060.203365880334
wsa,28,24056,9746,14299,37399,12595,23969,36256,12245,23979,36592,11641,24917,9659.381974248929,16226.635193133048,26278.03433476395,9199.330472103004,17050.703862660943,26272.03433476395,12045,21527,34397,9138,13494,23422,10477,12802,23296,9455,17046,28702,10156,16891,28141,7578,11495,19337,12146.003964057823,15509.004016446252,28188.008102743745,7890.002933752046,12587.003300471051,20584.00632153715,12257.004033909065,14653.003789429726,27761.007980504077
wsa,29,22560,9659,12846,34124,11981,21475,33314,11675,21619,32927,11634,21272,9895,14948,25249,9235,15937,25201,12126,19768,32563,10089.99948802845,13741.999392777929,24423.998868900064,12145.999404684244,12125.99944040319,24280.998845087433,10544.006747807478,16665.00807337125,28923.015945953284,11307.00767137289,16096.00756430697,28487.01599344482,9453.999499934764,12418.999535653713,22147.999035588477,14347.480153537155,13914.290678865284,28631.75808116398,8926.609106201253,13486.381460586206,22561.993007274905,13895.468953398122,13390.333072218798,28017.78118211195
wsa,3,25028,10669,14342.000000000002,37256,14094,22606,36211,12839,23344,NA,NA,NA,10866,17330,28496,10352,18021,28414,13222,21163,34938,9920.946676144802,16624.8603198855,26989.80631605753,11947.930016185515,14892.875742542454,26842.80575872797,10656.875641553384,17887.722728015895,30362.57716826709,10230.884855527169,19052.701823468135,30350.57231398484,8190.953150170944,16386.863652992724,24842.816754106378,12997.285329212116,16828.634842251322,30267.92387549222,8440.656246974215,17510.85851900419,26089.513814882102,12492.22697431004,16237.533282394788,29787.881283133676
wsa,30,26308,14074,12220,38265,17872,19564,37464,17117,20309,37380,16883,20463,14083,14181,28568,13722,14810,28566,17324,17713,35928,12968,13584,27361,14185,13055,27255,13444,15564,31676,13109,17036,31130,9748,12905,22990,14220.605076289148,15920.784784707974,30690.405836740192,9526.445126767532,12999.694278780986,22593.13931823447,14173.613055429278,15340.74208377053,30191.38181200575
wsa,31,23358.74068031468,10111.100896209547,13235.795508895048,33855,12872,20513,32802,11965,20769,NA,NA,NA,10126.770382285036,14929.385836926807,25446.67533688129,9675.936727431805,15685.33708262093,25415.294482606703,12738,19132,32435,9388.34335526808,15297.541078879636,25237.92325923602,11171.402984813583,13886.495585744076,25091.90699898075,9970.954521459633,15828.5392568661,27837.736282200007,9821.919463772254,16899.642048972026,27634.652231248892,7518.234228263821,14257.478320206315,22053.734866615825,11932.353785723266,16108.40410530802,28409.823640568586,7865.842929322238,15163.35975934249,23150.240453581795,11293.237935051036,15493.275727925951,27872.738590691337
wsa,32,24145.432669322712,9687.024701195218,14438.099601593625,36953,12435,23990,35709,11409,24257,NA,NA,NA,9608.471064207755,16871.183278556484,26832.999500749134,9246.03062501825,17450.656814345875,26768.584407563292,12130.971061093249,22057.90996784566,34778.8231511254,9060.318353913031,15361.618538847317,25176.89498792951,10815.15727486219,14153.753262936149,25015.906046842792,9514.575514846196,17265.985216368583,28497.47793362612,9515.564525802967,17745.96480058942,28339.47499313601,7134.421885381251,13389.7645755941,20776.17503742566,12178.54900201683,16135.607542594602,28692.162215573724,7561.353234017799,13700.491562709389,21397.8443593675,11637.5338942447,15328.56724198483,28096.13879242801
wsa,33,26050.82665036261,10326.874402595233,15702.104889511327,36851,12720,23583,36083,10739,20555,NA,NA,NA,10398.263496219635,18156.369128026465,28925.720399100017,9890.079919764456,18928.886632332345,28923.101253374607,12544.028938906751,22508.09003215434,35662.176848874595,9597.496663880676,18158.018057139823,28326.52181176364,11250.62350841478,16836.905254339883,28138.52555455996,9833.683333489613,19006.67413048495,30717.2243366254,9652.716090751994,20043.613164968105,30580.30985145905,7964.438993349003,16968.89521436585,25173.32440702812,11855.592325410427,19355.395647013254,31534.930178891536,8911.068805471406,17737.457555876892,26767.49054789841,11690.694515812404,18453.538585177692,31045.02048262457
wsa,34,27363,11996.999999999998,15338.000000000002,39968,15784,23652,39091,14027,25040,38611,14064,24518,13416,18763,32585,12754,19683,32502,15597,22335,38513,12031,18616,31332,14249,16890,31179,12539,19825,34290,12763,19846,33931,11140,16389,27925,15923.002197757767,18279.002607787203,34616.00483834732,11195.00142690243,17311.002460176605,28744.00388707903,15357.002132153057,17128.002509380138,33869.004756341434
wsa,35,24492,9516,14966.999999999998,37223,12696,24019,36055,11616,24421,36193,10938,25235,10325,18579,29341,9738,19456,29230,12453.036869340232,22627.11513583441,35522.54010349289,10200.75794032829,17756.973514302634,29144.972931430948,13003.696126773615,15816.28915820738,28836.000652185707,10900.06790213618,19322.04775595352,31929.6784774385,11621.206697103084,18367.096392858184,31420.548152890697,9951.511522108249,16197.471337967168,26464.07807695835,15075.52436485123,17322.376880880223,32814.873141561,10271.58752945656,16887.69399681138,27386.225501667526,14912.98926863567,15931.534227913156,32081.70837268963
wsa,36,23476,8219,15236.999999999998,36061,10944,24713,35190,10182,24905,35132,10626,24409,9088,18553,28025,8644,19294,27994,10858,22824,34096,9144,16472,26050,11160,14647,25814,9526,19566,30280,9786,18691,29624,8992,14459,23701,14491.22685804654,15956.268104964092,30826.5026013287,9195.162696174792,15377.281090104803,24742.446077775017,14101.226094214731,15009.24671767351,29997.490380019794
wsa,37,20857,8478.000000000002,12379.000000000002,31676,11116,20115,30589,9608,20977,NA,NA,NA,8923,15303,24477,8699,15587,24294,11040,18994,30490,9396,13707,23549,10707,12586,23297,9420,16046,27073,10030,16170,27080,8908,13718,22848,12770.908220850051,14832.735676048153,27925.638390149208,9894.93024784604,14494.73934721415,24556.66959506019,12186.915563182049,14473.737511631152,27498.642061315208
wsa,38,23411.3018771544,9077.053078158875,14327.583306037777,34438,11687,22181,32948,10745,22163,NA,NA,NA,9282.905882429905,16659.112975101725,26289.53603904175,8938.525891326817,17160.984542921065,26118.25290000131,11566,21106,33290,9125.990649033572,16158.98415918374,25778.974529083986,10780.989532500267,14758.985275717045,25555.97480821731,9547.981857793917,17992.96439253582,29478.943271758588,9962.98104545633,18525.963986367027,29411.94340714819,8305.990858383568,16251.983600917089,24857.97424995066,12610.692762365914,17571.87736032666,30603.56762081114,9187.814464616282,17047.91530425206,26435.734083554788,11934.702286859076,17250.884258928072,30096.58231502623
wsa,39,23509,8777,14728,34594,11278,22789,33462,10168,23266,NA,NA,NA,9372,17942,27666,8958,18654,27643,11240,21887,33617,9458,16337,26305,11125,14908,26052,9455,18671,29782,10026,18424,29474,8748,15648,24678,13140.995942971798,17034.996136163616,30543.991982539505,9006.996908930894,16949.99666744112,26163.9934797761,12388.996039567708,16811.99666744112,30098.992272327232
wsa,4,25885,10385,15485,38406,13385,24534,37234,12579,24629,37445,12853,24569,11018.512419637638,18499.13896672053,29887.825317151994,10395.56525681576,19388.09692474301,29847.32743579606,12837,22870,36226,10251.799815973372,17176.681888075094,27884.47406238237,11963.764071909887,15758.712921175049,27750.476708762984,10233.583666033745,19479.319677319036,31358.838659835743,10093.607408306016,19784.271746210812,30916.84694654886,8650.846145242002,15512.728167169604,24407.571914785454,12924.26698468694,16820.920635477454,30062.10744904537,8944.128739304919,16175.748994710044,25247.829723978135,12833.236822348588,15820.155873005137,29533.23143346921
wsa,40,24327,14534,9788,34241,17681,16021,33186,17949,15221,33272,17488,15762,14979,11273,26533,14349,12102,26478,17654,15074,33286,15226.04533498528,11102.032537070776,26939.07895662508,16314.04945634758,10509.028849536087,26837.07852279747,14414.092285376137,12975.069860892216,29171.173789750388,16037.098322737193,12309.071154612442,29153.172064790084,13050.044684243863,10719.032537070776,24110.078305883668,18016.9972426956,11714.949900808017,30060.949718199732,13201.01312414893,12084.954870373958,25460.96648620803,16837.996848859315,12215.952865743167,29735.9475244571
wsa,41,20878,10277.000000000002,10596,32684,13219,18898,31697,11677,19996,31730,13478,18221,11094,13176,24614,10445,14099,24568,13206,17617,31304,11664.012435998537,11933.027114554186,24120.039958290377,12988.012843736193,11155.027114554186,24155.039958290377,11132.026061969578,14464.072077634615,27161.100175695567,12445.032577461972,13629.064340487395,27003.098954040743,10312.01467855565,11493.024668128244,22092.04097763452,15657.191837556004,12072.193948910295,28057.390306385543,10117.122120181612,12637.202850183055,22924.326969533253,14220.1799975363,12787.195938102748,27635.381877438827
wsa,42,27762.485331098072,17943.522632020118,9795.799664710812,38645,21888,16131,37086,20400,16648,37731,21517,16166,18284.81744421907,11687.196754563896,30251.014198782963,17554.125760649087,12505.411764705885,30130.53752535497,20545,14767,35902,16831,10925,28304,17824,10333,28191,15913,11967,29982,16999,11957,29741,13746,10575,24623,18062.746638330176,11469.926233138394,29892.708163741616,14379.028309180385,11394.923523727268,25963.96865800353,16916.628135480063,11933.928529854757,29544.63725655242
wsa,43,23049,13912,9122,33873,17542,15775,32664,16736,15889,NA,NA,NA,14885.901033007136,10903.001563332986,26051.795967096175,14239.221808054304,11700.54572415447,25995.82798386914,17217.85480473892,14172.027906976744,31968.24914436156,14968.677444201629,11276.345715214014,26867.32919893955,16109.621809403863,10596.6497828173,26735.27159222117,15135.408384156728,13097.321451067375,30570.242408222824,15838.883479013351,13508.058952066009,30223.557498953094,12034.368814983653,11013.372978387131,23389.87571058557,17744.60692521025,13091.24698641992,31282.158393381855,12612.058721130414,11065.987438816168,23850.280792526628,16827.74734219697,13011.986797866644,30755.502753291836
wsa,44,20461,13037,7403,31749,17301,13873,30743,17335,13371,NA,NA,NA,14156.098966992864,9058.998436667014,23526.204032903825,13574.778191945696,9772.45427584553,23405.17201613086,17208.905660377357,12765,30575.81132075472,14801.310626044844,8995.843501887428,24445.163748036583,15690.954963721711,8581.203168450316,24304.158132172022,14383.13740159239,10936.08177401228,27304.492675907262,15784.219749923135,10442.055297163914,27106.044331840967,12544.096129612442,8538.002271539732,21432.104515478182,18619.952502692333,10565.71002475824,29523.540426539872,13915.80559743867,9338.241826573472,23472.97815638486,17681.388321509592,10386.124409945473,28997.070581022967
wsa,45,18354,11107,7230,28709,15199,13115,20719,19864,NA,NA,NA,NA,11677,8517,20478,11116,9182,20355,15495,12325,28299,13215.714994873591,8795.804848706548,22636.511419783303,14324.702359178336,8182.814676469528,22530.517035647863,13654.473579544168,10371.521953315783,25637.921549444534,14419.40244164473,9874.55040847556,25221.915858412583,10508.738862297972,7877.831524063207,18707.564770496618,17354.532260079217,9812.122864589172,27506.625886821363,11034.883114243548,8863.122864589173,20077.976740985698,16530.666754175545,9675.08777917274,26962.649277098983
wsa,46,27291.594218589453,16517.648231907126,10752.615935637104,37676,20057,17021,36236,18985,17219,26177,25162,NA,16778.09288300083,12588.68563136162,29668.349763301056,16156.279860372098,13332.290550860842,29550.78271776454,18987,15806,35414,15742.941695729294,12436.98127898677,28651.921255703684,17030.939649359698,11464.98273300138,28522.92212236995,15626.87727753412,13328.966113661094,31086.829415206394,16391.877740549317,13291.9578711004,30478.832200611043,13357.954429300711,12339.980600967676,26023.93383092672,17913.41854913325,13527.197578063717,31795.65252810479,14052.877928357322,13550.06016128264,27812.94811847147,16941.292342307115,13887.242281245472,31434.602520613626
wsa,47,29937.903225806447,23155.32258064516,6764.58064516129,38520,27287,10625,29579,29040,NA,29953,29353,NA,23186.42915995084,7760.8599576971965,31207.19729545256,22577.120760454844,8487.801785811082,31140.020911346644,25760.948777015023,9848.860708204573,36215.551683190206,21143.669032101057,8337.076528315576,29972.35813423764,21990.01975832404,7886.420594167054,29919.442860052917,20621.529142869433,8741.287526346057,31278.821206903373,20937.83906511272,9498.60089826537,31062.41501954299,16976.03762904383,8666.517693355288,25935.3570954604,20949.85665636363,9819.88295307212,31096.32093723556,17080.757994533415,9583.829241925623,26791.114059001648,19984.135820928484,10285.403211371022,30789.15628680958
wsa,48,27185.06684120048,20328.294300768594,6835.931118801998,37195,25148,11402,35379,23816,11509,29059,28313,NA,20599.160226201697,8311.875353440151,29155.040763430727,20025.902214891612,8952.137606032045,29050.040763430727,23352,10737,34713,17743.067655237133,8544.03456182949,26762.104215212326,18544.070818140037,8088.031991281576,26670.103069412737,17509.140864671965,9325.069493803085,28813.227313035015,18075.141213994353,9918.078142532571,28637.22439224077,13866.05471231572,9011.035798115236,23097.091919122624,18031.525124065454,10086.188945678734,28426.923852629538,14231.765433546869,9829.800381224795,24197.564284738193,17036.918795874753,10549.624671968691,28114.882545479504
wsa,49,21140,10612,10514,32142,13071,18583,31276,11546,19701,NA,NA,NA,11118,12448,23873,10442,13388,23878,13075,16546,30162,11430,11158,23093,12664,10217,22886,11917.011852694866,14407.0166393601,28509.030087610045,12878.012992377064,14186.015499677902,28016.030315546483,10475,10754,21574,15890.936343003135,11880.958557489752,28245.89371594799,10319.956554724838,11265.976496206804,21779.9306822551,14290.93657366452,12454.96307544574,27509.895950200786
wsa,5,23018.274618134543,10332.246668833277,12682.027949301264,36365,14079,21775,35110,13063,22041,35387,13676,21707,10802.863224807968,15722.695247722617,26802.241162728205,10257.238122773771,16439.514897579913,26705.753020353684,13298.512786002691,20221.663526244953,34104.8532974428,9631.0239699258,14829.303793034453,24934.206294132433,11328.162949442436,13497.00799442,24833.171172108807,10068.485001360645,16120.592674730604,27925.536252348127,9884.625340711047,16884.047565042587,27725.451394682637,7575.2206479788065,13654.56094314782,21467.730642682094,12538.227061652213,14283.367995792498,27157.522818892143,7617.228089716084,14574.957438423877,22343.16980539855,12036.50901697505,13695.485013727062,26648.707558755283
wsa,50,28372,18315,10030,37538,21164,15792,36286,20418,15841,NA,NA,NA,18558,11493,30432,17715,12549,30337,20573.126291618828,14767.319173363949,35997.196326061996,17416.912306798407,11214.455421639024,29240.085129583436,18698.784772887702,10425.368118740233,29145.15289162793,16932.696553963877,12632.402835764802,31544.30383328652,18314.840981873534,12286.826346985445,31365.180814157047,14614.746285516629,11230.4596811292,26158.143979939337,19172.37815984551,12114.495804078924,31682.27909509361,14770.318071762227,12695.633706683142,27619.610331689844,18306.280663233127,12432.247298883616,31423.92493568032
wsa,51,25345,15194,10141,34987,17810,16589,34230,16524,17682,NA,NA,NA,15582,11632,27516,14756,12620,27423,17904.873708381172,15098.68082663605,33537.803673938004,15182.087693201594,10930.544578360976,26617.914870416564,16592.215227112298,9828.63188125977,26441.84710837207,15144.29159334126,12409.580524875098,29436.666079103437,16539.146025749404,12013.158153336655,29271.78887029647,13465.253714483371,10918.5403188708,24732.856020060663,18752.204041227826,11120.254435921752,30231.504268032033,13190.95887639492,12500.665336730595,25886.802894989924,17204.284651091362,11901.89648935797,29833.18450432867
wsa,52,21951.88856344297,13953.13534271009,7998.753220732879,31882,18017,13351,30884,17681,13203,30990,17346,13644,14655.097537064938,10249.688025564685,25190.04173531853,14149.851674342231,10920.076676030918,25069.928350373153,17595.976774193547,13609.663225806453,31885.131612903224,13793.858944810116,11529.849826596585,26000.52450850945,15293.12728549628,10537.022356082398,25832.149641578675,14357.616376379012,12493.148222136237,28908.322265887553,13890.19422071041,13942.61122378722,28941.618459647816,11106.443786261363,11972.797685874451,23434.84195813564,16218.323513598256,13072.4492962548,29959.775352189157,11135.108839023103,13220.769361393728,24530.830035670384,15221.411131701676,12988.88323748404,29362.316128100923
wsa,53,21168.038315682577,12480.091689417903,8677.946626264675,32108,16470,15068,31280,15437,15801,30827,15788,15002,13218.829937356237,11104.047345335734,24715.165496803093,12758.961923175457,11801.96317421147,24633.925097386928,16120,14754,31645,12351.316701328096,11920.949975764404,24973.313011119066,14004.780041593716,10871.521386018709,24921.301427612423,13930.077957641475,14554.48277407515,31066.82413479794,13498.94137826598,15835.75593282614,30815.82413479794,10451.15453223513,11894.718305631595,22748.896004880007,15757.120414864628,13008.841857791942,29435.018733407403,10470.248409935091,12907.18942244898,23570.437832384072,14712.026313613238,12895.754029957312,28947.943452406293
wsa,54,18403.135448266366,11120.764554776013,7260.370893490352,27328,14388,12498,26635,14003,12590,26215,13744,12433,11882.797179341796,9118.362852061018,21274.907058063185,11431.112182822506,9701.752078592208,21184.84855867565,14838,12426,27954,12739.683298671904,10037.050024235596,23354.686988880934,13960.219958406284,9272.478613981291,23268.698572387577,13450.612607364386,12344.584698927656,28056.66925969604,13216.775395229984,13377.327688509991,27687.11569357777,10695.84546776487,10441.281694368405,21518.103995119993,17028.195251711826,12496.2725612087,30043.098228549152,10944.175803645452,10297.18728067509,21385.5817903154,15972.828392584595,12433.563128225673,29375.613922972385
wsa,55,26957.435163224123,12548.379777732476,14394.055385491645,38891,15934,22379,37452,14803,22609,NA,NA,NA,13128.267781288128,17452.193578385177,30903.668401254403,12362.243460222116,18357.668525082336,30773.92768804351,15341,21556,37677,12036,17301,29914,13890,15941,29866,11317.309434994137,17563.932526997192,30929.50660550602,10920.283226504038,18859.916378663864,30714.06017162429,10232,16682,27230,14430.684333423547,17960.88558099936,32922.883038043445,10476.575786419457,17841.62329687593,28492.98037730053,13709.145293802165,17587.682841817015,32356.44262462132
wsa,56,25881.502509383965,10541.628635363519,15338.873874020448,37655,13450,23678,36745,12950,23789,NA,NA,NA,10897.55651599786,18310.222184667375,29507.748777092267,10337.239850346785,19014.02905657258,29365.26890691936,12768.023225806452,22278.336774193547,35629.86838709677,9742.844827586208,17079.741379310344,27280.758620689656,11474.51724137931,15677.620689655172,27154.13793103448,10109.81582537517,18916.103683492496,30666.286493860847,9795.281036834926,19750.55457025921,30633.9795361528,8052.310344827586,16135.827586206897,24417.53448275862,12424.024788798955,16991.060780800166,29771.182581586283,7984.657784727802,16918.981466845322,25057.789060026906,11807.778096010426,16529.56277285379,29345.534943899504
wsa,57,24464,9051,15406.999999999998,36155,11643,24034,35377,10048,22044,NA,NA,NA,9467,18549,28319,8983,19302,28314,11293,22579,34397,9511,16916,26893,11182,15494,26688,9713,19199,30565,9774,19235,30192,8979,15556,24802,13295.00185046791,16683.001590091433,30333.003448345044,9252.0015016153,16382.001019044694,25829.00258071051,12890.001601242744,16006.001433939387,29823.00339771429
wsa,58,26862.565638775435,9047.72140273331,17803.048899570942,38691,12009,26113,37675,10786,26847,37298,10879,26370,9384.570447585402,21076.666674424705,30714.07816911321,8924.710528463162,21788.805002312045,30713.515530775207,11155.666721991702,25530.157786998618,37209.40849239281,7903.961301166679,21181.714575823986,29460.33413225847,9687.467109372392,19617.682815969783,29307.14992534217,8805.347972643422,21816.07973883881,32402.297858392743,8445.4600845084,23451.06504821709,32635.879675843436,6617.447052653987,20962.22882433667,27787.6172081633,9980.04229225524,22940.043922966684,33274.32942898833,7114.0112241898405,21579.641001557167,28811.663480287974,9740.432620323078,22121.2453274677,32825.91976953641
wsa,59,28665.27508625349,8203.774162249336,20453.050599079263,40155,10215,29395,38719,9369,29315,38748,9190,29518,8303.055738372852,24393.16318009775,32991.19570817964,7927.870749209197,24943.251291173092,32902.12204038229,9829,28567,38978,7473,23137,31035,9345,21446,30810,8263.959581439864,24485.864358052426,34764.81400611733,8219.959238909692,25795.855794798154,34860.81160840614,6693,23146,30071,10085.612592522972,25237.7907257741,35729.39384480813,7220.740521326609,24361.919251697207,31737.657289775445,9953.616215040083,24333.822511048977,35255.40150315132
wsa,6,21662,8301,13351.000000000002,33624,11186,22016,32566,10593,21941,32627,10901,21703,8965,16378,25670,8433,17152,25606,10742,20865,32041,9027,15588,25076,10634,14201,24845,8953,17548,27920,8798,17659,27537,8260,14728,23244,12959.000821853122,15065.001320632948,28387.002170825832,8007.000521451636,15380.001252617518,23516.00178540506,12525.000918208316,14321.001099582798,27785.002108478355
wsa,60,19640,9396,10243,29917,12605,16892,28751,11453,17283,29046,11365,17664,10028,12907,23195,9707,13422,23151,12614,16335,29466,9796,12978,23227,11139,11779,22938,10504,14447,26833,10259,15259,26525,8691,12731,21660,13348.521413317316,14266.155947123263,27955.664308076502,9437.658463140084,13426.236436701716,23047.890549053776,12529.551868833483,14006.173350275363,27304.686062016623
wsa,61,23981,13599,10369,34966,17476,16705,34183,16511,17618,NA,NA,NA,14326.378030711869,12750.363253691805,27331.14979476361,13720.23493107001,13500.38704803022,27275.97854748238,17492,16844,34863,13320,15411,29267,15062,13945,29057,14048,15596,31769,13390,17506,31581,10820,15645,26760,15362,18014,33728,11839,16705,28689,14816,17467,33011
wsa,62,17442.560317287847,11258.495713392058,6165.964354104378,26698,16093,10197,20013,19060,NA,NA,NA,NA,11847.334048650153,7284.284487367961,19376.740152150964,11764.987523380005,7637.412734915117,19452.53439981267,16620,9916,27038,13550,8544,22715,14835,7764,22638,14647,8883,24889,14178,9736,24632,12107,8445,20840,18476.00734935499,9678.081437445931,28467.259875695767,13489.451985943431,9069.844474463122,22735.74385300311,17808.0860307928,9327.291867059685,27876.575520116392
wsa,63,26674.562312404647,12798.32370572305,13863.057301853052,38318,15981,21417,28060,NA,27163,NA,NA,NA,13106.155889183632,16697.250173465683,30060.075399679314,12507.827949526329,17464.75431409668,30036.320320487037,15858,20928,37300,11871,18491,30872,13873,16772,30680,12984,18303,33155,12396,20020,33140,9799,17915,27967,14205.992650645012,19942.918562554067,34432.74012430423,10713.548014056569,18487.15552553688,29321.25614699689,13821.9139692072,19187.708132940315,33813.42447988361
wsa,64,18306,10922,7366,29725,15562,13679,28449,15816,12576,21745,20842,NA,11808.484768092483,9139.352986864878,21194.240110988332,11591.320393262818,9526.756175010636,21162.62520861244,15699.420525657071,12766.349186483105,29028.78848560701,13077.173143250138,8975.08368892755,22708.261880170157,14213.172007642026,8306.088034127499,22564.259312496688,13663.578360146645,10352.66015566638,25511.1975734243,13508.590452660515,10938.642335719524,25300.205034803657,10202.139877329846,8141.082082153256,18571.225898347773,17018.026286296128,10242.195371106636,27631.19027992083,11107.43020073004,8249.39041649564,19488.81239047159,16190.068092325137,9789.245326067336,26983.235997454227
wsa,65,18811,11160.000000000002,7628,29578,15612,13535,28283,15065,13166,21715,20715,NA,11996.010289195086,9323.708769625367,21611.364652281227,11748.63233452267,9760.36329569022,21564.39464784296,16040.579474342929,13261.650813516895,29819.21151439299,13534.726217098329,9316.82989224124,23621.547050346497,14699.713131886114,8688.837944679524,23415.55107656564,13914.208270057916,10910.141240613988,26405.363874124178,13958.209467012271,11369.13764975092,26280.357889352395,10901.796675933316,8604.844990563024,19785.636633722417,17499.478600553346,10809.39733397749,28692.893685045325,11940.30483045852,8858.300705575593,20950.612248680707,16709.465562566726,10279.373118844189,28053.866136801855
wsa,66,20152.877370307506,11941.180580884893,8194.978344042565,30496,16432,13573,29262,15769,13426,21887,20713,NA,12542.132031454346,9756.102085474557,22573.034653406114,12287.949596023658,10276.445902957985,22622.166732217916,16575,13108,30192,13553,10627,24740,14912,9689,24643,14288,11120,26849,13894,11986,26593,12078,10314,22647,17834,12152,30284,13623,11110,24907,17295,11553,29678
wsa,67,23269,9233.999999999998,14029,34839,11672,21936,34083,11021,23049,NA,NA,NA,9811.618025751071,15881.364806866954,26107.96566523605,9216.669527896996,16805.296137339057,26051.96566523605,11915,20549,32949,9995,13925,24341,11279,12956,24246,10197,17550,29324,11275,16644,28946,8979,12446,21719,14103,14693,29268,9189,13398,22777,13745,13976,28778
wsa,68,25178.27741935484,9077.452903225807,16091.909677419355,36399,11146,24832,35202,9549,25631,NA,NA,NA,9449.423747889705,18723.052898142934,28573.917276308384,8825.743950478334,19556.90714687676,28413.467642093416,10999.66349861024,23116.071883285727,34689.644170050335,9434.881256203003,16880.11786552876,26735.394166466795,11563.388308938804,14977.799370785056,26554.18767972386,9558.704365733654,19663.088327278605,30635.65525851462,10633.97315282964,18454.78518155821,30378.958404235014,9282.130448021631,15532.815888334952,25138.6438587241,13998.27434826546,16286.309322265535,30719.270612853274,9058.739307198926,16729.031158742535,26042.830143360818,13819.171897624248,15113.16307925908,30143.651905141363
wsa,69,18467,6407,12048.000000000002,27887,7937,19449,27173,6565,19534,NA,NA,NA,6658,14405,21431,6098,15163,21296,7779,18440,26857,6787,13659,20826,8758,11924,20689,7253.000999015434,15899.001923473064,24531.003205394223,8252.001166696577,14908.001808248482,24272.00319419577,6455,13416,20097,10541.98905646631,13720.97760860912,24635.966600674084,6262.992647793191,14681.97627622572,21127.968997859516,10590.98882663074,12657.978972986815,24170.967044006473
wsa,7,18119,11922,6186,28972,16250,12042,27377,16014,11289,NA,NA,NA,12699.07301173403,8120.143415906128,21084.148631029988,12364.627118644068,8678.48109517601,21094.256844850064,16347,11519,28347,13175,9953,23694,14545,8923,23527,14123,10980,26934,13925,11816,26553,10385,10240,20877,16243.525635967704,12804.924873595655,29425.61432887242,12019.693857910188,11853.705517281523,24022.390245843893,15500.227878824084,12394.823006518192,28654.280010385337
wsa,70,19495,8780,10708,29733,10828,18512,28988,9626,19344,28686,10276,18394,9108,12744,22201,8469,13669,22177,10899,17384,28755,9481.988075973011,11826.973492667885,21790.96117280956,10878.987751579563,10806.973445042626,21701.96119662219,9471.931956021714,14604.486903428258,25642.378214233187,10479.898559566233,13645.533805910462,25316.379303909143,9096.985821509586,10743.975796218048,20155.959986777005,13432.024470001128,11812.6287100473,25619.60999862618,8877.21775511502,11613.748007264505,20712.94805803623,12208.070125764518,12214.641076548003,25192.636868508343
wsa,71,25152,15331,9809,35989,18883,16459,35065,18631,16416,35249,17906,17323,15625,11892,27810,14996,12697,27734,17729,15084,33564,15528,12813,29133,17310,11645,28997,16011,13841,32290,16358,14197,31741,12968,11849,25183,18865.002987793785,13742.003245147123,33189.00634744959,13227.002262753727,11988.003264357583,25429.005615053644,18263.003155842125,13071.002762088092,32338.006056895676
wsa,72,23760,10139,13599.999999999998,35328,13215,21276,34421,12407,21993,34406,12417,21978,10846,15845,27140,10291,16785,27139,12976,20231,33687,11189,15120,26814,12838,13848,26716,11203.034235185798,17412.431022092813,30067.502458723746,12145.06002490233,16352.39248104669,29772.50255440953,10915,13200,24496,15575.04678137894,14936.261257826816,30956.323594088368,11245.038038108054,13745.238596725414,25281.276211734057,15203.050150014227,13864.254783502884,30073.31182066107
wsa,73,23166,14900,8249.000000000002,33934,19277,14025,33033,19265,13720,NA,NA,NA,16067.777829099306,9677.244341801386,26015.997228637418,15614.818475750577,10359.184295612007,26013.999076212473,19523,13323,33484,16270,9198,26125,17304,8682,26001,16576,11991,30622,17262,11713,30003,14590,7930,22755,20902,10014,31402,16509,8472,25148,20525,9834,30883
wsa,74,27208,11768,15427.000000000002,38783,14879,23362,37468,14051,23396,NA,NA,NA,12445,17087,29897,11925,17947,29899,14932,21290,36681,12429,15258,28254,13861,14119,27989,12339,18252,32211,12948,17664,31540,11491,13206,24946,16556,15397,32409,12003,13976,26168,16341,14757,31644
wsa,75,25074,9825,15248.999999999998,37946,12821,24641,36940,12298,24642,NA,NA,NA,10235,17146,27794,9830,18006,27838,12548,22522,35559,9770,15155,25493,11197,14196,25393,10195,18767,30673,10910,18307,30195,8866,12907,22030,13613,16292,30437,8852,13814,22814,13750,15263,29791
wsa,76,32856.27958015267,30703.361641221374,2130.4475190839694,39459,34891,3733,34709,34311,NA,34914,34483,NA,30882.806237390436,2498.130150365753,33539.94363766737,30700.602554348716,2846.501275069704,33617.93414123858,34810.15524331734,3569.5366689513367,38915.756682659354,30842.323705565337,3155.4058717609423,34694.998346927634,31577.60281245905,3056.354185299143,34698.967335050555,30094.65601005125,3257.184475808198,35673.84333191663,30840.822221618735,3780.072270793763,35317.28738916228,26117.106622425777,3336.7807316448047,29851.10443721014,30557.716043230077,4008.869742999822,35449.31565045318,26491.22151655311,3711.0070910235017,30403.26032857364,30031.926053029063,4423.049274463863,35071.51844119196
wsa,77,26654,24548.999999999996,2092,35354,28864,5905,30388,29888,NA,30617,30063,NA,24509.451051486587,3157.308919506889,27821.95794053662,24559.30964467005,3349.5068890500365,27956.98622189993,25135.341353763237,3596.983360619169,29228.453383578075,24925.646933049768,4938.991116828685,30549.312727584635,25748.366421806928,4723.546816833226,30530.845627413684,27371.513296851317,5217.809561784283,35320.69724122201,25786.91680134028,7938.823831968712,34559.84732720856,18299.041744706257,6051.571504900988,24734.144520317135,24855.29582716252,7164.557991113418,32831.452106810866,16052.35569242366,3582.1235587835113,19733.001228365,23449.10980425883,7808.018178715386,31954.07969648496
wsa,78,28721.36892599847,24722.79753527875,3971.041810567048,36513,29213,6685,30198,29638,NA,30490,29949,NA,25632.337115320646,4902.830257962771,30755.96036178696,25224.133313286777,5438.365585549342,30719.444818963308,29016.246958704327,6752.48047180993,36364.8027691765,24847.626371022085,5845.731706169719,31254.88515264565,25528.40734269256,5593.124826582341,31167.508087049777,24452.044204704904,6265.729873610365,32706.883153213297,25116.530364564733,6666.38014876931,32407.40514977993,20748.203343076973,6172.114040920357,27238.38436151794,24926.24971928589,7179.280016114284,32564.07671587844,21331.639863293276,6943.883714925119,28455.25106522103,24060.921574007418,7642.732485885779,32241.759901505073
wsa,79,31440,28151,3264,37783,32094,4975,32609,32151,NA,NA,NA,NA,29290.0577118038,3934.916078296364,33398.63083218893,28923.804007068054,4439.0617042259955,33422.73469603193,32476.547202083784,5153.110883438246,38219.37501627958,28316.767116804487,5114.28864820738,34016.678386680134,29003.099618322427,4941.341501266276,33986.522127199794,29031.690451948907,5228.98256018834,36329.665189163214,29317.807998346085,6313.5551338255245,36191.07683814684,24523.909904039116,6078.286397210417,30888.45341719665,28900.365537003916,7403.921457824213,36824.993560392744,25202.685524540477,6976.252653701182,32343.14287100649,27986.46683898467,7841.365625724654,36401.58598357956
wsa,8,6870,5785,1077.0000000000002,13737,9903,3542,11215,10987,NA,NA,NA,NA,6504,1414,8010,6503,1569,8094,10556,2788,13588,8773,1763,10833,9211,1560,10782,10729,2029,13356,9902,2415,12745,6458,1677,8273,12698.632408505133,2085.1474277152097,14908.783058684065,7430.45436738458,1905.1256760850968,9437.585682781188,10847.569570462583,2371.164345649742,13590.748417199067
wsa,80,34041.02782184681,27099.358421501594,6921.679831499597,42876,31375,10650,41667,30593,11038,NA,NA,NA,26802.12932718461,7964.367377973395,35009.56885168884,26021.761324860297,8820.478864794026,34927.52399732951,28483.75101978691,9773.438409436834,38967.458515981736,22164.983173862027,8942.256461725327,31707.234331975877,23159.793700819668,8394.411911283405,31587.28044924302,20467.30334739655,8325.648860305573,31055.47582523049,20316.871721516083,10066.667827938363,30889.403320705303,15102.051662184324,9349.40059967817,24717.362056498,18696.208756610697,10760.262801212835,29810.551887269477,15095.592161492508,10188.354719564186,25390.93367726512,17619.894552346475,11364.307031461904,29491.498629246467
wsa,81,32155.972178153188,24085.641578498406,8055.320168500403,41077,28184,12234,31686,30969,NA,NA,NA,NA,24529.81296101159,9471.716543730245,34289.80031612224,23713.434668071655,10399.45943097998,34203.74130663856,26905.24898021309,11708.561590563166,39294.541484018264,22175.2352674899,10147.223064113605,32818.449596563914,23276.38175692383,9424.10368729532,32743.40823115173,21392.15189550821,10199.362102669524,33727.78362902596,22062.607834182945,11107.164076121036,33708.87520145735,17744.4006033858,10863.08972122913,28871.5708093557,20982.281829090007,11786.411815429195,33077.569622928226,17461.244661803765,11501.385297943274,29116.630608206226,20091.663636301797,12225.30332160424,32819.604673249
wsa,82,23096,11448,11633,33733,15213,17931,32586,13917,18632,32536,14369,18137,11892.446618050426,13629.09906753755,25759.52683131579,11303.341487585918,14307.650218518727,25667.06698031643,14797,17402,32904,10916.005939019356,15630.01569597972,27079.021974371608,12364.006914715392,14469.014847548386,26875.02184710691,11930.013629412622,15622.031152943138,29993.04787994954,11116.012036364396,17886.03513556371,29788.04770294418,7910.004623950783,16123.015908087556,24254.02074414617,13053.29986756538,18551.13664812052,32027.504418892404,8526.324589474112,16907.214901137668,25556.565191487975,11953.249964311744,18176.697300850137,30958.22063135905
wsa,83,29745.49235769204,13072.079419021864,16662.468654902943,40563,16458,23499,39019,15194,23772,39206,15221,23953,13883.608083113077,19883.233551466663,34032.0991219393,13119.079874498651,20724.2844917924,33921.45879039422,16299,23484,40447,11684.800222920743,21782.68543682903,33910.53131997717,13627.05975886122,20067.426604922708,33742.4952545456,12807.38399681795,21207.51438407957,36393.54179250384,11746.76575469975,23946.54912396751,36379.52429542554,9061.167086641915,22088.73490158994,31373.917365916877,12826.14455484466,24403.103717977636,37575.503880976365,9792.852744916168,23355.68580500164,33262.69246155065,12490.379822865249,23730.02375173888,37013.06700442264
wsa,84,30099.97707996077,10101.372903716525,19977.27095389901,41298,12512,28252,39895,11174,28676,40069,11580,28453,10194.29578421968,22731.02339525125,33193.430162346915,9578.660160063602,23480.94558335592,33130.703151522765,11956,27278,39774,8785.942595727003,23023.909787267447,32230.852410940064,10468.931477409798,21556.920914899856,32067.852395414724,9481.000720752456,23470.00206109913,34750.00295255612,8992.000632238996,25104.00227606039,34721.002958878504,7467.968597463447,22101.935838684985,29766.90444235857,10468.002137506746,24609.006538255933,35355.00876557389,8318.001634563983,22672.005855690753,31097.007508216975,10411.002191393472,23654.006394558,34875.008819460614
wsa,85,19992.180189673338,10882.63329820864,9099.047418335089,29970,14658,14838,29410,13736,15636,NA,NA,NA,11435.7882615156,11153.417533432392,22881.173848439823,10985.979197622586,11785.845468053492,22817.82466567608,14493.003614041674,14629.676837574298,29740.169126983616,11128.444352567834,12631.183195470488,24324.18650141045,12958.032015150411,11236.1529108445,24223.171414869284,12235.741830825193,13180.5695684274,27225.149533548705,12561.396242885146,13370.472797913872,26963.284769090315,9614.227442751142,11866.21598808696,21757.2901321888,14521.914468961608,13051.918102582422,27986.868446303622,9966.190894920608,12507.81770825213,22689.08584857532,13944.56334366176,12622.825810078572,27478.069428042796
wsa,86,24691.819810326662,10092.36670179136,14587.952581664911,35744,12656,22592,34877,11513,23331,NA,NA,NA,10634.2117384844,17468.58246656761,28502.826151560177,10024.020802377414,18373.154531946508,28449.17533432392,12491.204575906631,21746.943204456904,34726.158358456305,10171.323695760031,17264.341917451333,27863.69072631312,12493.261810964375,15176.450950478118,27682.71090536341,10934.456534405794,19028.875532258837,31723.478887162808,11678.5341902562,18653.900888350476,31559.480877967177,9073.07776940854,16598.328924897723,25947.397413910832,13808.127405472724,17423.24569982677,31667.211687467105,9078.122765459331,17606.233481065967,26876.279636022904,13892.176799169309,16085.47458320764,31059.40457343402
wsa,87,25518,10494.000000000004,15004.999999999998,37169,13498,23211,36192,12273,23885,NA,NA,NA,10992,17873,29194,10466,18610,29111,13237.754940711462,22166.264822134388,35973.13241106719,10654.474011343844,17602.501372775547,28807.14984084548,12823.010047111597,15830.106980470006,28683.1170275816,11606.733732632836,18721.50714336024,31989.693101849985,12173.862869755569,18443.52992087747,31728.686200051816,9836.183265732068,16079.983749048148,26163.234376942015,14747.204704910131,16754.18860395929,31840.539284992246,10063.93468708628,16567.971263589116,26799.9590488802,14518.042362165472,15802.916151746986,31333.32248947232
wsa,88,23667.287743779423,13164.236522080253,10491.83198834342,34844,17215,17094,33818,16788,17008,34052,17128,16889,13768.163954268488,12799.813721641092,26847.758301521008,13128.384451809756,13594.748184757344,26782.56835687838,16595.915068493152,16835.453424657535,34082.6904109589,13069.263000472763,14441.26435535597,28075.707433381776,14811.340792719338,13077.05343847036,27933.3942311897,13597.389593764628,15602.275319925517,31301.65741663388,12793.523971520755,17216.31613399567,31034.530249864263,10057.675018913093,14005.795659932292,24302.404315522504,14927.052858018047,15827.097918554033,31073.982375189244,10123.869229046924,14968.44648965404,25235.22113303328,14434.70098529996,15174.087698467712,30474.151229743664
wsa,89,19877,11242,8624,30533,15328,14713,29559,15169,14343,29787,15520,14240,12074.63588835614,10669.00620963255,23085.565205574996,11578.106661338885,11375.994626087546,23012.361936324807,15109.487213997309,14856.336473755047,30552.1467025572,12248.467530501126,12099.417765228736,25030.02579149205,13968.422831172667,10876.631045610617,24907.05387828994,12673.48859590524,13790.822656809514,28435.99082240853,12162.28134759724,14529.501920082232,27994.07865633246,10015.175037589688,12096.080569975536,22448.311806774087,16020.642305428952,13562.984837155587,30006.529834231023,10474.093203242968,13418.173236776873,24097.26958345621,15236.809221390462,12931.806597499672,29143.577212215645
wsa,9,10460,8078,2371,18989,12478,6075,17737,12449,5234,NA,NA,NA,9038,3184,12362,8934,3496,12474,13305,5369,18965,11167.18322244779,4066.342963028345,15577.567341039536,11832.258674314024,3640.301807464943,15516.567341039536,12772.036136298326,4666.596443966177,18469.776549497717,12245.01556926501,5095.678712099442,17975.749126786628,8943.857407570862,4462.267511162109,13593.138637254106,14422.677837272791,5360.2835238446505,19997.806048914947,9929.454732835182,4936.9587989861475,14981.3646263401,13024.829462566908,5380.698388939041,18953.264111132183
wsa,90,16027,9846,6165,24994,13526,11023,23693,12446,11222,24267,13599,10644,10454.370507144138,7818.215243032326,18499.97781599912,10121.536523183244,8268.866492752632,18439.634051608555,13419,10560,24500,11075.004911203378,8647.00534775479,20297.010722794043,12274.00562059942,7870.004993056768,20175.010668225113,11554.010534946192,9840.013085512112,23118.0255056592,11164.010645840362,10475.01297461794,22641.025006635435,8419.004038100555,8439.005047625695,17111.009194864102,13756.17746711412,9758.180327459902,23885.521927417263,8519.778183291939,8862.87342235522,17545.775497094575,13002.032621345415,9402.54046873119,23160.11437653505
wsa,91,24217.564509879892,14486.33940333204,9710.334753971329,35138,18067,16478,34377,17712,16610,NA,NA,NA,14913.673929388153,11702.111751104543,26947.898348326697,13967.089691071633,12537.071475544462,26572.095694793086,17302,15324,33357,14389.296948518597,12159.3388706624,27244.646299716944,16108.340035166391,10950.303935542564,27099.643970708956,14147.618790067438,13441.722727461578,29794.42853488225,14486.611538621337,13788.763818989491,29437.416449138746,11563.255026374794,11408.324896614464,23296.58458100524,16380.012393141498,12858.16230711242,29688.27299294313,11503.384449208965,12204.11615801998,23932.51600724678,15644.883020214003,12626.09037249644,29241.179646791465
wsa,92,21954.72258064516,12028.547096774195,9919.090322580645,33070,15152,17459,31939,14908,17009,NA,NA,NA,11859.5762521103,11830.947101857062,24007.082723691616,11189.256049521666,12573.092853123242,23791.532357906584,14042.986560701742,15505.77509180324,30198.8813341015,11811.674747593865,11398.534721087284,23884.840527410757,13383.279939756025,10394.756633011812,23779.036572767836,12381.982080978903,13500.714900824883,27918.922714426277,12829.721838862744,13640.995259932415,27617.588237113192,9702.342024688382,10286.714011997276,20312.379397089855,14826.955189713708,12420.075087044972,27738.299499333865,9696.717928065911,10555.266592186348,20454.924842832905,14005.101594800388,12212.253005026363,27162.961721979853
wsa,93,25084.435490120108,15515.660596667958,9551.665246028671,36032,19236,16249,35044,18474,16527,NA,NA,NA,15592.32607061185,11610.88824889546,27503.101651673307,14835.91030892837,12370.92852445554,27257.904305206917,17207.34994068802,14511.153024911033,32422.47449584816,14948.147047684535,11857.00854272156,27431.119006405504,16520.991716138782,10785.14006066057,27340.13177679935,15804.694763220006,13564.474044434934,31853.993492176854,15833.693469686285,14341.455739519884,31281.036909513048,12080.27250091519,11580.14520305331,23965.392163180808,17826.572476966674,13313.44123808479,31657.982517575783,11427.837981440358,11422.46704585512,23027.30502729548,16807.619395404097,13234.47251704307,31041.024168531756
wsa,94,24662.649107901445,13851.38147833475,10810.267629566693,37049,17881,18675,36657,18436,18219,36517,18081,18434,14196.988401573317,13116.287998840016,27657.527239598545,13413.707491575828,14249.29509464328,27711.773668874594,17094,17085,34831,13390.849265951334,13462.907713847757,27451.746828322342,15414.830808720884,11935.918480565517,27352.749289286403,13764.68218844668,14645.776908752769,30415.419214965303,14160.674087367868,14992.778778232492,30093.43230132338,11152.878182279035,12345.912943396384,23786.788357090853,15745.832402063576,13790.611883136617,29919.182257612036,11038.701069719242,12981.654465847469,24179.731434565205,14706.476206719748,13922.44716763604,29452.226597783843
wsa,95,21339.350892098555,12977.618521665248,8359.732370433305,32720,16489,15775,31660,16461,15191,31806,16614,15184,13890.868049500934,10670.148993256167,24888.27332814052,13371.886018387437,11469.39676776349,24894.52511772231,16097,13543,30240,14709.132409079048,10822.08496695437,26223.226736245528,16276.150111011437,9819.074290153045,26103.22440116448,14874.282130178231,12688.20422058185,30040.51928064382,15019.291334804726,13254.198267975698,29418.50814388665,11383.111585230568,10178.08051068709,21880.194468869908,17267.520294334972,11724.944374416194,29504.673908079636,10484.312596998756,9926.64968728576,20610.58645578364,15798.798508796192,12161.136023105144,28869.643491486164
wsa,96,24000,14692,9298,33139,17673,14921,32595,16615,15963,32534,18081,14440,15100.14354892575,10897.563007903818,26366.19943226094,14329.406490036736,11956.308137593232,26338.701213403096,17571,14057,32226,14965.018324969618,11223.007319197875,26788.02643543213,16811.01908026768,9836.00722928144,26652.026309549117,14745.03568137509,12412.018870665384,29146.061504390877,15432.034577827406,12333.02295379181,28790.05955478997,12792.010232490396,10428.006545916527,23554.01717403924,17743.57929849828,11591.38112752814,29905.010274336175,12619.941891783736,11445.631560706475,24308.57171075135,16734.658618167214,11783.353398241286,29437.996753290405
wsa,97,31844.530562347187,10984.547677261613,20846.26039119804,42897,13909,28349,41505,12011,29443,NA,NA,NA,11629.34433962264,23583.084905660377,35510.00943396227,10927.033018867924,24449.396226415098,35448.01886792453,13536.9625,27616.5125,41827.0125,9646.639960684874,24428.342766545986,34489.01391832682,11177.283156910924,23039.866504301062,34253.149658106915,10338.443154201124,23919.358709506178,36661.81203967118,9459.153534141888,26558.650544212334,36701.765874086115,7685.147959607976,24205.676525206465,32089.66985694691,10514.560663052369,26393.927758744932,37258.15959253725,8205.24253664085,25480.97055758931,33802.13926045652,10132.977495874433,25858.39001156503,36795.56050839509
wsa,98,30422.3410694416,10421.852635330342,19989.22809655062,41920,13278,28055,40551,11698,28823,NA,NA,NA,10559.484960640277,22965.67094394449,33770.33519329163,9927.714155096724,23745.214865888865,33706.92902098559,12248.333278008298,26684.842213001382,39443.59150760719,8309.038698833321,23081.285424176014,31778.66586774153,10124.532890627608,21459.317184030217,31598.850074657825,9224.692445916717,22845.05590310877,34003.88813548992,8544.580676581907,24999.07915698476,34204.30871575043,6668.552947346013,22410.77117566333,29289.3827918367,9800.134109231212,24508.189606159736,34654.49214044595,7115.312069089902,23604.07322512541,30817.65000953378,9583.537115589708,23823.711841943845,34292.69674665388
wsa,99,30340,10844.000000000002,19481,41608,13863,27129,32962,NA,32132,NA,NA,NA,11216,22171,33663,10562,22966,33597,13098.0375,26041.4875,39761.9875,8738.359710177867,22933.656190151003,32078.98468128729,10508.716458060584,21390.13249897195,31937.848957032536,9597.55612504642,22753.639229394696,34473.1850077727,8741.845833619116,25119.34717972728,34541.23116703538,6769.851782671339,22390.322453226003,29404.32885755473,9760.43906074676,24418.68316404395,34500.93742921931,7177.031404401492,22822.23301702433,30136.039243853073,9316.397592769565,23952.48248930392,34062.82206534685
wss,1,78559.43763808603,35199.51680908647,43322.14006235532,114756,44924,68197,111833,41114,70643,NA,NA,NA,36473.86126942594,52341.70702071713,89807.11202792823,34662.76413045763,54878.29925059569,89662.46224735743,42479.08493150685,64127.546575342465,108317.30958904108,33544.68463228917,50267.59890796686,85232.10288084479,39913.59054801297,44850.82495316568,84808.41550117866,34918.488174528844,54064.45344209714,94492.9281596754,33907.36310966464,56951.391674020146,94127.05066999908,28648.27901428905,48817.06993082334,78238.41530843527,43316.694836554685,50027.42584122402,94534.28252183826,28427.334888295012,51912.52322881299,80770.78745014512,42116.87450230123,48047.957715791,93164.23165457822
wss,10,72924,33479,39365,109788,42448,65008,107034,41037,65907,106899,40158,66652,33637.38197424893,45355.63519313305,80095.03433476394,32156.330472103004,47797.70386266094,80039.03433476394,41495,59008,102888,32195.99948802845,40819.99939277793,75206.99886890006,36807.99940468425,37982.99944040319,74831.99884508744,33443.00674780748,49275.00807337125,89301.01594595329,34572.00767137289,50023.00756430697,87758.01599344482,26779.999499934765,36818.99953565371,64474.99903558847,40714.08919388413,45344.079480019514,87510.17202064792,26343.05716672083,39073.079039838245,65739.13864704652,40326.08604273646,43384.07894541905,85970.17097462178
wss,11,73555,30125,43376,107659,38027,68086,104594,34113,65581,NA,NA,NA,30133.50494271243,49956.93824350976,81205.39523673044,28812.04727221451,52064.880529299146,81106.9801435446,37413,63698,102876,28046.158373061793,48817.177674866776,78741.34005892917,33237.18376809055,44877.154103020104,78246.3386003835,29319.21336979544,52101.19860371963,87052.43855245152,28990.200080327213,54689.22001452956,86554.43707584395,22617.095106994075,44616.13811016627,68003.2343110696,35966.49511315052,51599.40729491587,88636.91603503385,24338.264968811443,46601.308877928765,71315.57536084771,34621.466345108136,49275.38155508848,87013.89786574391
wss,12,75331,29732,45542,113252,39424,72384,110336,35825,74366,109936,35628,74162,32829,55895,89951,31136,58433,89726,38908.036869340234,67786.1151358344,108131.54010349288,31375.75794032829,52844.973514302634,86526.97293143095,38412.69612677362,47353.28915820738,85829.00065218571,32965.06790213618,58713.04775595352,96499.6784774385,34170.20669710309,56904.096392858184,94975.5481528907,30083.51152210825,47045.47133796717,78090.07807695835,45489.753420655536,51557.64759363152,98257.38058123704,30661.75165253378,49575.97754709279,80872.67546652157,44371.21749500346,48068.7834549668,95948.20350905086
wss,13,67777.3018771544,26332.05307815887,41434.58330603778,100708,34081,65085,96999,30521,66406,NA,NA,NA,27577.905882429903,49904.11297510173,78432.53603904175,26595.52589132682,51401.98454292107,78055.25290000132,33846,61987,97397,27979.990649033574,46202.98415918374,75632.97452908398,32612.98953250027,42252.985275717045,74904.97480821732,28422.98185779392,52709.964392535825,86333.94327175859,30018.98104545633,53119.96398636703,85965.94340714818,25961.990858383568,45617.98360091708,72383.97424995065,38522.59692618776,49439.609172538425,89073.19799349985,28089.741621393216,48492.65131890733,77156.39715839108,36510.61388960883,48536.61843800034,87694.21664866866
wss,14,72967.48533109808,42754.52263202012,30179.799664710812,105570,52788,51050,101969,50026,51865,102733,52483,50149,44357.817444219065,36136.1967545639,81398.01419878296,42348.12576064909,38706.41176470588,81176.53752535497,51405,47458,100492,43721.05777098382,33960.059651624964,79363.11891491547,47126.06230008377,31997.055964090272,79183.11848108785,41459.11834734571,39406.14193852683,86314.27396544596,45481.13090019916,37895.13549509984,85897.27101883083,37108.05936279952,32787.05720519902,70825.11928351819,51736.935718581786,35257.070082856706,88011.0481883269,37697.16355351093,36117.08124428428,74349.262113744815,47974.80498187568,36937.07733370067,86915.96665844835
wss,15,61864,38056,23755,94331,50042,42763,84126,53935,29260,NA,NA,NA,40719,28479,70056,38930,30655,69756,49921.76046511628,39262.02790697674,90843.06046511629,42985.70306512006,29067.99406580799,73949.00436675944,46125.27913230391,27360.667627737148,73569.94676004106,43173.01936529329,34404.925178395446,83512.65663357463,46042.50567058122,33824.66465770548,82551.51768920665,35087.20380689407,27429.20677399007,63529.54499656037,53719.0916879818,33469.07987576733,88312.3247067431,37562.747432812634,29267.35212997881,67401.23568989718,51039.80241788211,33073.198986984855,86715.22261141379
wss,16,84414.5642855964,60001.265113320886,24353.127699600394,113391,72492,39048,101194,71841,28728,85189,82828,NA,60563.68226915337,28661.420942498968,90030.58782218434,58759.302835718554,30772.22994270397,89740.84439254191,68099.94877701503,36391.86070820457,106342.5516831902,54629.67838306748,29318.09236913184,85386.38360515365,57565.03022582377,27439.43531845001,85112.4680518356,53757.54728507552,31395.32313381024,91178.8779351448,55404.85801965639,32708.636911898346,90178.4716123948,44200.046770660265,30017.534092438204,75056.38284550974,56894.80032956234,33433.269476814574,91318.8973179699,45365.40135643761,32963.68978443306,78801.62646221131,53962.34695911036,34722.270164585185,90338.6413529027
wss,17,74857,44121,30685,104667,52045,50964,101792,48488,53224,NA,NA,NA,45258,35573,81821,42913,38557,81638,51553,46412,99697,44029,33303,78951,47955,30471,78473,43994,39449,89490,47732,38486,88653,38555,32903,72465,53815.51854407647,35115.70879749043,90159.67707907363,38281.23350288199,36462.27553962055,75286.34390893487,49801.50188798901,36789.10686368733,88767.00539020977
wss,18,61523.06232739191,37553.991586904005,23937.070740487907,91318,48875,40917,88799,47121,41594,88032,46878,41079,39756.72465376297,30472.098222961435,71180.1142901848,38339.92578034019,32423.7919288346,70888.70200643573,48553.97677419355,40789.66322580645,91484.13161290322,38884.85894481012,33487.84982659658,74328.52450850945,43258.12728549628,30681.0223560824,74022.14964157868,41738.30694138487,39392.21569513904,88031.81566038153,40605.91099420637,43155.694845123355,87444.55828802353,32253.443786261363,34308.79768587445,67701.84195813564,49003.63918017471,38577.56371525544,89437.8923141457,32549.533052603645,36425.1460645178,69486.84965836986,45906.26583789951,38318.20039566702,87685.8735034796
wss,19,77302.9376726081,32141.008413096,45139.92925951209,112701,41027,70091,109574,37801,68442,NA,NA,NA,33492.82429728599,54311.41576305255,88730.41717834667,31682.483310568896,56673.69758165492,88453.19659496288,39402.02322580645,66413.33677419355,107703.86838709678,31289.844827586207,51296.74137931035,84087.75862068965,36546.51724137931,47112.620689655174,83708.13793103448,31140.125260369303,55679.03621048969,92160.79309936689,30489.56426333896,57845.47094892307,91540.03970777708,27263.310344827587,48373.8275862069,76449.53448275862,40149.71097269041,51634.94795189096,93027.06906797476,27713.235072762556,51142.605782765946,79379.77201803794,38406.92499105533,50123.247048610196,91524.98096623512
wss,2,70565.27461813454,29018.246668833282,41518.027949301264,108395,38650,68325,104910,36235,68611,105459,37430,67979,30786.375644445605,50599.834214443144,82360.0664798802,29085.80337958953,52979.61182232293,82159.08045614975,36877.51278600269,63956.66352624495,102371.8532974428,28909.823785899174,47593.985681109545,77894.6803565148,33925.92702135232,43456.72091559505,77428.6478808718,29255.068667394386,53147.91235204964,87204.37491218386,28776.232749017065,54327.3193112534,86179.2983412315,24486.06679322081,43895.28911031742,69119.30255746754,38421.49486819227,46169.2899519029,85606.63243876335,24568.357350472637,46130.70768575144,71107.00131478174,37394.74675753195,43836.64198631499,83966.94110070284
wss,20,75167.84072502892,26647.495564982644,48499.09949865021,108763,34829,72400,105145,31608,73445,105092,31434,73552,27715.626185958256,58376.82985452245,86900.27387729286,26559.58127767236,60154.05629348513,86766.6375711575,33598.6667219917,70432.15778699862,105653.4084923928,25172.961301166677,57296.71457582398,83722.33413225847,30171.467109372392,52842.68281596978,83055.14992534218,27573.307554083283,60748.94409689123,94000.11186451008,26924.419323418093,64505.92084301524,94021.69128424958,22001.447052653988,56839.22882433667,79518.6172081633,33414.176298095525,62443.99059586405,96959.38758187296,23772.410208656536,59367.796689956085,83597.2113191172,32223.600704196648,60461.24118879204,95386.00733470437
wss,21,68098.12262969249,37655.819419115105,30398.021655957433,99982,49550,48319,82256,35571,44781,NA,NA,NA,39279.86796854565,36731.89791452545,76767.96534659389,37993.05040397634,38602.55409704202,76764.83326778209,49970,47688,99201,38741,42446,82854,43770,38481,82375,41679,42782,89813,39964,47262,89353,32726,42005,75567,48044,47635,96628,36042,44262,80746,46446,45982,94701
wss,22,57269.877370307506,34023.180580884895,23188.978344042567,89799,47606,40787,85994,46650,39168,65347,62270,NA,36346.62708874192,28219.1638419648,65378.63941667567,35627.90232380915,29563.56537365884,65349.186588673314,48315,39136,89040,40164.89936034846,28918.913581168792,71069.80893051665,43824.88513952814,26683.925978807023,70622.81038906233,41865.78663020456,32382.801396280367,78765.56144754848,41360.79991967279,34293.77998547044,78173.56292415605,33181.936553263164,27059.92707271628,61003.86253207019,52351.50488684948,33203.59270508413,86608.08396496615,36670.73503118856,28217.69112207123,65346.4246391523,50194.533654891864,31621.618444911524,84715.10213425609
wss,23,66914.27741935484,24718.452903225807,42168.90967741935,99125,30755,66217,96458,27135,68214,NA,NA,NA,25919.041773640776,49009.41770500989,76112.88294154443,24140.41347837533,51525.203284215815,75761.43330732947,30693.66349861024,62105.07188328573,94495.64417005032,26216.881256203007,44464.11786552876,71902.3941664668,31600.388308938804,39857.799370785055,71489.18767972385,27008.705364749087,53112.090250751666,84490.65846390884,30160.974319526216,50006.78698980669,83596.96159843079,24716.130448021635,41394.81588833495,66954.6438587241,38643.26340473177,44700.28693087466,84623.23721352736,24510.73195499212,44809.007434968255,69947.79914122033,38155.16072425499,41747.142052245894,83092.61894914784
wss,24,68407,34250,34117.00000000001,101050,42926,56247,98474,40664,57753,98341,40599,57695,35579,40481,77151,33756,43151,77050,41604,52699,96006,36198.988075973015,39759.97349266789,77737.96117280956,41026.98775157956,36299.973445042626,77414.96119662219,36685.96619120751,45857.91792552107,87999.88067295693,38982.95858446856,44194.926286957154,86829.88185831867,32979.98582150959,35792.975796218045,69834.959986777,47872.07423917385,40490.89321302124,89764.93994016414,33349.2580559768,37346.989868347504,71423.22988482393,45674.12343162087,39149.89862213898,87603.9547460651
wss,25,75448,36493,38925,110663,46977,62028,107441,45614,61758,NA,NA,NA,38747.77782909931,43910.244341801386,83706.99722863741,37369.81847575058,46312.18429561201,83750.99907621247,47003,57135,105724,38469,39611,79872,42362,36997,79383,39110,49010,93506,41120,47684,91738,34947,34043,69731,51071,41703,94248,37364,36262,74130,50616,39854,92318
wss,26,88231.64850615113,79975.15917650012,8193.489329651016,111326,92968,16323,95295,93837,NA,96021,94495,NA,81024.59440419766,10558.269327835413,92117.86193999097,80484.04551230554,11634.373749669085,92294.3651821018,88961.74355578491,13919.000501380437,104509.01283541392,80615.59700963719,13940.128694759347,96499.19622715793,82854.37657695854,13373.02582871471,96397.321049514,81918.21351160748,14740.723911202846,103701.42372635196,81744.26938752376,18385.276251531785,102284.53986615078,65164.351710209,15560.46627746615,81823.63331904521,80339.26158967848,18352.707750227524,100844.84447314248,63875.21707227005,14237.014364732133,78591.51262215967,77541.9574312953,19873.79993906503,99267.358039182
wss,27,97637,79336,18241,121736,91653,27859,105962,93713,11038,NA,NA,NA,80622,21371,102698,78659,23659,102554,87865.54720208378,26635.110883438247,116481.37501627958,72656.98555815642,24203.76817404631,98542.36231521991,75439.27507606593,22759.857099845,98317.21080759454,70891.14569485367,23753.993523163437,101112.92464341968,71697.28755404512,27487.387037884924,100789.35536030948,57370.36216960924,26290.776718117715,84477.38628305035,68578.85612270462,29950.596074466244,99713.11507059046,57759.52234783675,28665.99267120864,86850.70715647783,65698.02502763295,31430.9759787908,98712.68928607504
wss,28,82941.46943765282,34621.45232273839,48272.73960880196,115594,44183,69682,111500,40285,71080,111811,41170,70543,35970.350485383184,56243.35601425546,92985.056115602,34001.081522148175,58512.88029366705,92719.22892223342,43052,68164,113125,31386.748757667105,60436.61092007619,93220.40570528884,36459.99815098641,56093.36236737095,92685.36949706724,34218.39834698303,60299.54759812184,101136.59262500948,31854.77842330314,66936.58653559162,100888.57495724822,24439.140308056147,60313.68664836248,85394.84255242161,36347.44655991679,67563.24690435409,104958.01706544263,26637.178968954264,62934.90656183006,89916.26516125561,34854.63197857046,65560.72744714702,102846.29645524232
wss,29,70202,31469.000000000004,38692,102883,40812,60641,100479,37522,62852,NA,NA,NA,33062,46495,80578,31476,48769,80378,40221.963130659766,58542.884864165586,100439.45989650712,31954.24205967171,47498.026485697366,80995.02706856905,38274.30387322638,42242.71084179262,80588.9993478143,34776.93209786382,50930.95224404648,90938.3215225615,36413.79330289691,50467.903607141816,90251.4518471093,28523.48847789175,44544.52866203283,73867.92192304165,43077.246579344464,47229.35240636848,91494.61941876296,29108.24834746622,46682.02245290721,76365.32453347843,42354.78250499654,44511.2165450332,89870.79649094914
wss,3,35449,25785,9634,61698,38631,21659,56329,39450,16523,NA,NA,NA,28241.073011734028,12718.143415906128,41456.14863102999,27801.627118644068,13743.481095176012,41662.25684485007,40208,19676,60900,33115.18322244779,15782.342963028346,50104.56734103953,35588.25867431403,14123.301807464944,49825.56734103954,37624.03613629832,17675.596443966177,58759.776549497714,36072.01556926501,19326.67871209944,57273.74912678663,25786.857407570864,16379.26751116211,42743.1386372541,43364.83588174563,20250.35582515552,64332.203436471435,29379.602958129948,18695.78999235277,48441.34055496518,39372.62691185358,20146.685741106976,61198.29253871659
wss,30,59571.28774377942,34252.23652208025,25280.83198834342,90371,46069,42830,87070,44403,42573,88106,46247,41773,36297.17034976877,31287.035174305965,68433.30132309513,34828.027636331884,33239.60930359752,68234.56434481173,45124.40228249046,42251.78989841258,89134.8371135161,36392.73544217727,35187.68746833949,73402.74394766787,41053.76924449143,31823.689477137745,73015.45877770476,37824.88872461606,39233.11106224714,82855.6737447016,36119.81596495836,42220.83102869584,81669.63391283216,28491.854094603335,34540.88127753352,63861.72531716069,44703.87263056112,39148.26308316952,84966.03413683754,29117.740615581835,37249.49314878613,66878.26621358407,42673.54282803584,37508.43476469858,82777.84281849436
wss,31,71256.72258064516,42030.54709677419,29181.090322580647,104240,52455,50186,101360,51094,50146,NA,NA,NA,42365.5762521103,35143.94710185706,78458.08272369162,39992.25604952167,37481.09285312324,77621.53235790659,48552.33650138976,45340.92811671427,95978.35582994968,41149.11874379699,35414.88213447124,78560.6058335332,46012.6116910612,32130.200629214945,78218.81232027615,42334.295634266346,40506.9116727214,89567.34474148537,43150.02684717036,41771.21481844179,88336.04159576498,33345.869551978365,33275.18411166505,67574.3561412759,49033.54005982189,38591.67863224218,89084.55500985277,32627.940358715234,34181.84979606145,67414.74587737516,46457.60401041849,38072.81589456588,87445.16553730308
wss,32,70002,41521,28468.000000000004,102908,52043,49371,100912,51512,49373,100857,52776,48058,43188,34684,78912,41115,37675,78945,50762,44685,97297,43065,35508,80463,48502,31591,80108,43384,39746,89602,44612,40580,88302,35328,32952,69221,50756.931994896826,37106.93738508095,89328.86644002785,34142.95555850173,34353.9357138397,69098.88960110019,47239.933333683155,37866.93658898247,87759.86684256041
wss,33,92606.8716317888,32250.400312591963,60316.48848774868,126425,41050,83533,115018,23709,90398,NA,NA,NA,33404.82930026292,68719.75584960487,102943.34462725389,31416.74717396465,71160.61109230397,102751.94788891012,38883.3332780083,80342.84221300138,121032.59150760718,26694.03836969606,70443.28438087301,98346.66446735564,31810.532505599116,65889.31618730324,97789.84868979728,29160.69172516426,69518.05384200964,105138.8851829338,26745.58004434291,76677.07688092437,105447.30575687192,21123.55268962533,69006.7701540958,90783.38150633834,30075.13383303034,75320.80052894862,106413.58916220252,22497.586010132243,71907.27679973905,94755.82851384336,29032.912204233704,73634.5843428128,105151.07932039582
wss,4,49443.84551931008,42578.01424821897,6816.831271091114,80849,67190,12223,68724,63665,NA,68276,67215,NA,49219,8390,58131,49610,8946,58659,68621.39803069839,12501.128961118884,82273.08629313146,58700.845866628355,11976.912468716668,71765.08585196074,61159.84273898286,10583.177708159692,71848.19963808234,67795.31700780855,11965.782342809667,82902.04548710202,65114.47634648882,14895.456970366427,81502.3894899821,59130.92818964424,13886.618914866434,73656.62247279774,82541.36894157066,15842.435186600416,99040.58674069372,64367.58246292095,15451.485030629125,80227.15079538117,77680.71604040473,16690.821184349614,95761.79551836624
wss,5,80414,45605,34758,110673,57419,50929,107292,53775,52265,NA,NA,NA,46925.23216326015,41539.41566417803,89279.78581940575,45055.25834033984,43869.24238474185,89145.49536499199,55048.24121260227,51351.87148678365,108340.68984518084,40476.7768563072,50507.017670862515,92546.5076472595,45444.675962478,46498.53122934239,92121.17934815193,43354.03617083657,49004.4576618736,99701.12667534474,40132.15516953401,57256.24819100875,99518.80369964434,31253.285198199104,54518.41197010783,86579.21281572543,43483.73125299079,60500.73957647783,105071.20597396285,32533.685274170348,57743.79980414534,90742.37584216877,41494.03248288282,59852.34435327934,103478.29042163795
wss,6,48941,42989,5902,80443,66925,11975,70512,65349,4431,70233,69190,NA,49686,7351,57609,50255,7780,58139,68450,10993,80730,59067.81677755221,10419.657036971656,70801.43265896046,61368.74132568597,9524.698192535056,71013.43265896046,67514.96386370168,10436.403556033823,81639.22345050228,64498.98443073499,14054.32128790056,80057.25087321337,59476.14259242914,12011.732488837892,72167.8613627459,84066.83647235508,14474.013071595598,99374.4993602154,64993.10408508634,12732.480487405792,78162.48130671255,79071.68779894542,15362.178007724982,96044.19520285958
wss,7,74453,54186,20213,104920,66143,36427,96668,66123,29663,NA,NA,NA,54901,25761,81455,54015,27325,81520,64327,35438,101802,53390,31426,86875,57847,28473,86520,54256,32766,94002,52942,37166,92800,40611,32178,73874,59220.52904040404,38702.63636363636,99539.22264309764,43224.63468013468,34772.3930976431,78478.09217171717,55975.47895622896,38483.371632996634,97087.01515151517
wss,8,90699.9726862194,49665.63755146804,40984.841133708054,121866,61384,58396,118480,56705,61623,119317,60471,58686,51133.88885340147,49057.49920153306,100955.39092941552,48865.70456723092,51757.728840626,100829.43340785692,58819.36075669934,58168.99955209746,118952.2238616877,41360.571115124345,57077.36872761206,99780.85320643098,47483.41462496253,51763.849610026824,99364.10391211322,45235.249195124314,53143.214458294024,105736.23816509986,40711.59069291302,63315.71057909359,105912.23481200384,31175.614901563953,58809.21830534824,90694.22660141376,42274.215974668485,64774.08821972013,108113.84928336284,32247.721141620532,62082.58603528462,94648.2683544308,40346.622527703395,64052.38933328258,106606.61448414506
wss,9,70091,32570.999999999996,37471,101068,41838,57676,98386,39149,59106,NA,NA,NA,33557,44799,79389,32022,46978,79174,40830,55688,98381,31725.052367238062,45781.136736677174,78945.18968577344,37373.06865926769,41017.12160836395,78491.19026763164,34739.12223170653,47931.271237977344,89208.41442369072,33822.1129188146,51052.29219198418,88169.41908013668,28096.045966797858,45673.13440924437,74647.18037604223,43974.35344576774,48356.286312804776,93441.652819552,28660.32324842858,49464.09068415981,78636.42106210656,41567.3753400482,47150.255049259744,91881.66649232828
